instance,variables,dwave_objective,classical_objective,relative_difference_percent,comparison,best_method,best_seed,per_run_budget_seconds,completed_runs,campaigns
s28-qac/10/qac_L10_0.npz,586,-29760.0,-29944.0,-0.6182795698924731,classical_better,successive_r10,1060,3.0,128,1
s28-qac/10/qac_L10_1.npz,586,-33348.0,-33580.0,-0.695693894686338,classical_better,successive_r15,1068,3.0,128,1
s28-qac/10/qac_L10_10.npz,586,-31684.0,-31956.0,-0.8584774649665446,classical_better,successive_r10,1021,3.0,128,1
s28-qac/10/qac_L10_100.npz,586,-34540.0,-34800.0,-0.7527504342790967,classical_better,successive_r10,1050,3.0,128,1
s28-qac/10/qac_L10_101.npz,586,-33484.0,-33748.0,-0.7884362680683311,classical_better,successive_r10,1051,3.0,128,1
s28-qac/10/qac_L10_102.npz,586,-34080.0,-34448.0,-1.07981220657277,classical_better,successive_r10,1006,3.0,128,1
s28-qac/10/qac_L10_103.npz,586,-31344.0,-31456.0,-0.3573251659009699,classical_better,successive_r15,1102,3.0,128,1
s28-qac/10/qac_L10_104.npz,586,-32540.0,-32884.0,-1.0571604179471419,classical_better,successive_r10,1058,3.0,128,1
s28-qac/10/qac_L10_105.npz,586,-28372.0,-28668.0,-1.0432821091216693,classical_better,successive_r10,1004,3.0,128,1
s28-qac/10/qac_L10_106.npz,586,-34196.0,-34464.0,-0.7837173938472336,classical_better,successive_r10,1001,3.0,128,1
s28-qac/10/qac_L10_107.npz,586,-33164.0,-33412.0,-0.7477988179954167,classical_better,successive_r15,1071,3.0,128,1
s28-qac/10/qac_L10_108.npz,586,-31076.0,-31396.0,-1.0297335564422705,classical_better,successive_r15,1106,3.0,128,1
s28-qac/10/qac_L10_109.npz,586,-30864.0,-31108.0,-0.7905650596163816,classical_better,successive_r10,1027,3.0,128,1
s28-qac/10/qac_L10_11.npz,586,-31844.0,-32084.0,-0.7536741615374953,classical_better,successive_r15,1110,3.0,128,1
s28-qac/10/qac_L10_110.npz,586,-36680.0,-36940.0,-0.7088331515812432,classical_better,successive_r15,1066,3.0,128,1
s28-qac/10/qac_L10_111.npz,586,-31372.0,-31812.0,-1.402524544179523,classical_better,successive_r15,1102,3.0,128,1
s28-qac/10/qac_L10_112.npz,586,-34328.0,-34516.0,-0.547657888604055,classical_better,successive_r15,1087,3.0,128,1
s28-qac/10/qac_L10_113.npz,586,-29980.0,-30228.0,-0.8272181454302868,classical_better,successive_r15,1087,3.0,128,1
s28-qac/10/qac_L10_114.npz,586,-35384.0,-35640.0,-0.7234908433190143,classical_better,successive_r10,1054,3.0,128,1
s28-qac/10/qac_L10_115.npz,586,-31692.0,-32092.0,-1.2621481761958855,classical_better,successive_r10,1043,3.0,128,1
s28-qac/10/qac_L10_116.npz,586,-31124.0,-31532.0,-1.310885490296877,classical_better,successive_r15,1084,3.0,128,1
s28-qac/10/qac_L10_117.npz,586,-32340.0,-32536.0,-0.6060606060606061,classical_better,successive_r15,1089,3.0,128,1
s28-qac/10/qac_L10_118.npz,586,-31632.0,-31684.0,-0.16439049064238745,classical_better,successive_r10,1058,3.0,128,1
s28-qac/10/qac_L10_119.npz,586,-33040.0,-33204.0,-0.4963680387409201,classical_better,successive_r10,1005,3.0,128,1
s28-qac/10/qac_L10_12.npz,586,-33704.0,-33896.0,-0.5696653216235462,classical_better,successive_r10,1004,3.0,128,1
s28-qac/10/qac_L10_120.npz,586,-35680.0,-35948.0,-0.7511210762331838,classical_better,successive_r10,1049,3.0,128,1
s28-qac/10/qac_L10_121.npz,586,-34512.0,-34836.0,-0.9388038942976356,classical_better,successive_r10,1014,3.0,128,1
s28-qac/10/qac_L10_122.npz,586,-34176.0,-34320.0,-0.42134831460674155,classical_better,successive_r15,1091,3.0,128,1
s28-qac/10/qac_L10_123.npz,586,-32460.0,-32888.0,-1.3185459026494146,classical_better,successive_r10,1027,3.0,128,1
s28-qac/10/qac_L10_124.npz,586,-35000.0,-35112.0,-0.32,classical_better,successive_r15,1108,3.0,128,1
s28-qac/10/qac_L10_125.npz,586,-31272.0,-31452.0,-0.5755947812739831,classical_better,successive_r15,1094,3.0,128,1
s28-qac/10/qac_L10_13.npz,586,-30956.0,-31044.0,-0.28427445406383256,classical_better,successive_r15,1105,3.0,128,1
s28-qac/10/qac_L10_14.npz,586,-32504.0,-32756.0,-0.7752891951759784,classical_better,successive_r15,1089,3.0,128,1
s28-qac/10/qac_L10_15.npz,586,-30932.0,-31452.0,-1.681106944264839,classical_better,successive_r15,1108,3.0,128,1
s28-qac/10/qac_L10_16.npz,586,-33144.0,-33396.0,-0.7603186097031137,classical_better,successive_r10,1031,3.0,128,1
s28-qac/10/qac_L10_17.npz,586,-34072.0,-34232.0,-0.46959380136182205,classical_better,successive_r15,1083,3.0,128,1
s28-qac/10/qac_L10_18.npz,586,-32264.0,-32476.0,-0.65707909744607,classical_better,successive_r10,1024,3.0,128,1
s28-qac/10/qac_L10_19.npz,586,-31588.0,-31964.0,-1.1903254400405217,classical_better,successive_r10,1006,3.0,128,1
s28-qac/10/qac_L10_2.npz,586,-35948.0,-36580.0,-1.7580950261488817,classical_better,successive_r15,1065,3.0,128,1
s28-qac/10/qac_L10_20.npz,586,-32336.0,-32500.0,-0.5071746660069273,classical_better,successive_r10,1025,3.0,128,1
s28-qac/10/qac_L10_21.npz,586,-35160.0,-35536.0,-1.069397042093288,classical_better,successive_r15,1076,3.0,128,1
s28-qac/10/qac_L10_22.npz,586,-36176.0,-36300.0,-0.3427686864219372,classical_better,successive_r10,1050,3.0,128,1
s28-qac/10/qac_L10_23.npz,586,-31680.0,-31980.0,-0.946969696969697,classical_better,successive_r10,1001,3.0,128,1
s28-qac/10/qac_L10_24.npz,586,-34164.0,-34548.0,-1.1239901650860555,classical_better,successive_r10,1039,3.0,128,1
s28-qac/10/qac_L10_25.npz,586,-35296.0,-35532.0,-0.6686310063463282,classical_better,successive_r10,1036,3.0,128,1
s28-qac/10/qac_L10_26.npz,586,-31816.0,-31960.0,-0.4526024641689716,classical_better,successive_r10,1044,3.0,128,1
s28-qac/10/qac_L10_27.npz,586,-32152.0,-32392.0,-0.7464543418760886,classical_better,successive_r15,1111,3.0,128,1
s28-qac/10/qac_L10_28.npz,586,-31164.0,-31528.0,-1.1680143755615453,classical_better,successive_r10,1021,3.0,128,1
s28-qac/10/qac_L10_29.npz,586,-33824.0,-34124.0,-0.8869441816461684,classical_better,successive_r15,1067,3.0,128,1
s28-qac/10/qac_L10_3.npz,586,-32904.0,-33004.0,-0.3039144176999757,classical_better,successive_r10,1031,3.0,128,1
s28-qac/10/qac_L10_30.npz,586,-34224.0,-34280.0,-0.16362786348761102,classical_better,successive_r15,1074,3.0,128,1
s28-qac/10/qac_L10_31.npz,586,-32692.0,-32900.0,-0.6362412822708919,classical_better,successive_r15,1107,3.0,128,1
s28-qac/10/qac_L10_32.npz,586,-33032.0,-33164.0,-0.3996124969726326,classical_better,successive_r15,1066,3.0,128,1
s28-qac/10/qac_L10_33.npz,586,-31328.0,-31508.0,-0.5745658835546475,classical_better,successive_r10,1035,3.0,128,1
s28-qac/10/qac_L10_34.npz,586,-32020.0,-32416.0,-1.2367270455965023,classical_better,successive_r15,1083,3.0,128,1
s28-qac/10/qac_L10_35.npz,586,-34316.0,-34576.0,-0.757664063410654,classical_better,successive_r15,1068,3.0,128,1
s28-qac/10/qac_L10_36.npz,586,-31728.0,-31916.0,-0.5925365607665154,classical_better,successive_r15,1078,3.0,128,1
s28-qac/10/qac_L10_37.npz,586,-34260.0,-34588.0,-0.9573847051955633,classical_better,successive_r10,1051,3.0,128,1
s28-qac/10/qac_L10_38.npz,586,-32804.0,-32920.0,-0.3536154127545421,classical_better,successive_r10,1000,3.0,128,1
s28-qac/10/qac_L10_39.npz,586,-32528.0,-33068.0,-1.660108214461387,classical_better,successive_r15,1106,3.0,128,1
s28-qac/10/qac_L10_4.npz,586,-32128.0,-32676.0,-1.7056772908366533,classical_better,successive_r15,1100,3.0,128,1
s28-qac/10/qac_L10_40.npz,586,-31560.0,-31704.0,-0.45627376425855515,classical_better,successive_r15,1100,3.0,128,1
s28-qac/10/qac_L10_41.npz,586,-30732.0,-31164.0,-1.405700898086685,classical_better,successive_r10,1016,3.0,128,1
s28-qac/10/qac_L10_42.npz,586,-32920.0,-32964.0,-0.1336573511543135,classical_better,successive_r15,1104,3.0,128,1
s28-qac/10/qac_L10_43.npz,586,-34124.0,-34444.0,-0.9377564177704841,classical_better,successive_r10,1051,3.0,128,1
s28-qac/10/qac_L10_44.npz,586,-32096.0,-32284.0,-0.5857427716849452,classical_better,successive_r10,1042,3.0,128,1
s28-qac/10/qac_L10_45.npz,586,-31796.0,-31948.0,-0.4780475531513398,classical_better,successive_r10,1056,3.0,128,1
s28-qac/10/qac_L10_46.npz,586,-31804.0,-32112.0,-0.9684316438183876,classical_better,successive_r10,1006,3.0,128,1
s28-qac/10/qac_L10_47.npz,586,-36324.0,-36348.0,-0.06607201850016518,classical_better,successive_r10,1040,3.0,128,1
s28-qac/10/qac_L10_48.npz,586,-35164.0,-35480.0,-0.8986463428506427,classical_better,successive_r10,1060,3.0,128,1
s28-qac/10/qac_L10_49.npz,586,-31824.0,-32264.0,-1.3826043237807943,classical_better,successive_r15,1089,3.0,128,1
s28-qac/10/qac_L10_5.npz,586,-31284.0,-31756.0,-1.5087584707837873,classical_better,successive_r15,1082,3.0,128,1
s28-qac/10/qac_L10_50.npz,586,-32832.0,-33340.0,-1.547270955165692,classical_better,successive_r10,1011,3.0,128,1
s28-qac/10/qac_L10_51.npz,586,-31676.0,-32072.0,-1.2501578482131581,classical_better,successive_r10,1033,3.0,128,1
s28-qac/10/qac_L10_52.npz,586,-32836.0,-33276.0,-1.3399926909489586,classical_better,successive_r15,1085,3.0,128,1
s28-qac/10/qac_L10_53.npz,586,-35800.0,-35924.0,-0.3463687150837989,classical_better,successive_r10,1009,3.0,128,1
s28-qac/10/qac_L10_54.npz,586,-31708.0,-31832.0,-0.3910685000630756,classical_better,successive_r10,1022,3.0,128,1
s28-qac/10/qac_L10_55.npz,586,-32400.0,-32548.0,-0.4567901234567901,classical_better,successive_r10,1041,3.0,128,1
s28-qac/10/qac_L10_56.npz,586,-32744.0,-33008.0,-0.8062545809919375,classical_better,successive_r10,1052,3.0,128,1
s28-qac/10/qac_L10_57.npz,586,-34720.0,-35248.0,-1.5207373271889402,classical_better,successive_r15,1078,3.0,128,1
s28-qac/10/qac_L10_58.npz,586,-34896.0,-35332.0,-1.2494268684089866,classical_better,successive_r10,1054,3.0,128,1
s28-qac/10/qac_L10_59.npz,586,-33384.0,-33680.0,-0.8866522885214474,classical_better,successive_r15,1095,3.0,128,1
s28-qac/10/qac_L10_6.npz,586,-32176.0,-32636.0,-1.4296369965191447,classical_better,successive_r10,1020,3.0,128,1
s28-qac/10/qac_L10_60.npz,586,-32948.0,-33332.0,-1.1654728663348306,classical_better,successive_r10,1019,3.0,128,1
s28-qac/10/qac_L10_61.npz,586,-31368.0,-31556.0,-0.5993369038510584,classical_better,successive_r10,1061,3.0,128,1
s28-qac/10/qac_L10_62.npz,586,-33860.0,-34444.0,-1.724748966331955,classical_better,successive_r10,1004,3.0,128,1
s28-qac/10/qac_L10_63.npz,586,-34284.0,-34688.0,-1.1783922529459807,classical_better,successive_r15,1066,3.0,128,1
s28-qac/10/qac_L10_64.npz,586,-34024.0,-34384.0,-1.0580766517752176,classical_better,successive_r15,1099,3.0,128,1
s28-qac/10/qac_L10_65.npz,586,-32812.0,-32984.0,-0.524198463976594,classical_better,successive_r15,1083,3.0,128,1
s28-qac/10/qac_L10_66.npz,586,-34224.0,-34692.0,-1.367461430575035,classical_better,successive_r15,1064,3.0,128,1
s28-qac/10/qac_L10_67.npz,586,-32280.0,-32392.0,-0.3469640644361834,classical_better,successive_r10,1031,3.0,128,1
s28-qac/10/qac_L10_68.npz,586,-34788.0,-34884.0,-0.2759572266298724,classical_better,successive_r10,1046,3.0,128,1
s28-qac/10/qac_L10_69.npz,586,-34340.0,-34540.0,-0.5824111822947,classical_better,successive_r10,1016,3.0,128,1
s28-qac/10/qac_L10_7.npz,586,-34636.0,-35076.0,-1.2703545444046658,classical_better,successive_r10,1025,3.0,128,1
s28-qac/10/qac_L10_70.npz,586,-32120.0,-32712.0,-1.8430884184308842,classical_better,successive_r15,1103,3.0,128,1
s28-qac/10/qac_L10_71.npz,586,-31852.0,-32240.0,-1.2181338691447947,classical_better,successive_r15,1100,3.0,128,1
s28-qac/10/qac_L10_72.npz,586,-32364.0,-32588.0,-0.6921270547521938,classical_better,successive_r10,1026,3.0,128,1
s28-qac/10/qac_L10_73.npz,586,-32072.0,-32284.0,-0.6610127213769019,classical_better,successive_r10,1009,3.0,128,1
s28-qac/10/qac_L10_74.npz,586,-34200.0,-34700.0,-1.4619883040935673,classical_better,successive_r10,1053,3.0,128,1
s28-qac/10/qac_L10_75.npz,586,-30472.0,-30968.0,-1.6277238120241533,classical_better,successive_r10,1041,3.0,128,1
s28-qac/10/qac_L10_76.npz,586,-32088.0,-32152.0,-0.1994515083520319,classical_better,successive_r15,1082,3.0,128,1
s28-qac/10/qac_L10_77.npz,586,-32904.0,-33040.0,-0.41332360807196694,classical_better,successive_r15,1093,3.0,128,1
s28-qac/10/qac_L10_78.npz,586,-32736.0,-32944.0,-0.635386119257087,classical_better,successive_r15,1094,3.0,128,1
s28-qac/10/qac_L10_79.npz,586,-32364.0,-32740.0,-1.1617846990483254,classical_better,successive_r15,1081,3.0,128,1
s28-qac/10/qac_L10_8.npz,586,-32636.0,-33120.0,-1.4830248805000612,classical_better,successive_r10,1052,3.0,128,1
s28-qac/10/qac_L10_80.npz,586,-34936.0,-35200.0,-0.7556675062972292,classical_better,successive_r15,1068,3.0,128,1
s28-qac/10/qac_L10_81.npz,586,-34800.0,-34996.0,-0.5632183908045977,classical_better,successive_r10,1037,3.0,128,1
s28-qac/10/qac_L10_82.npz,586,-33044.0,-33400.0,-1.077351410240891,classical_better,successive_r10,1025,3.0,128,1
s28-qac/10/qac_L10_83.npz,586,-31160.0,-31536.0,-1.2066752246469834,classical_better,successive_r10,1023,3.0,128,1
s28-qac/10/qac_L10_84.npz,586,-35604.0,-35716.0,-0.3145713964723065,classical_better,successive_r10,1043,3.0,128,1
s28-qac/10/qac_L10_85.npz,586,-32624.0,-32860.0,-0.7233938205002453,classical_better,successive_r15,1092,3.0,128,1
s28-qac/10/qac_L10_86.npz,586,-33368.0,-33444.0,-0.22776312634859747,classical_better,successive_r10,1060,3.0,128,1
s28-qac/10/qac_L10_87.npz,586,-31480.0,-31756.0,-0.8767471410419314,classical_better,successive_r10,1060,3.0,128,1
s28-qac/10/qac_L10_88.npz,586,-30308.0,-30760.0,-1.4913554177114954,classical_better,successive_r15,1110,3.0,128,1
s28-qac/10/qac_L10_89.npz,586,-31064.0,-31380.0,-1.0172546999742467,classical_better,successive_r15,1079,3.0,128,1
s28-qac/10/qac_L10_9.npz,586,-33784.0,-33936.0,-0.4499171205304286,classical_better,successive_r10,1018,3.0,128,1
s28-qac/10/qac_L10_90.npz,586,-32084.0,-32368.0,-0.8851764119187133,classical_better,successive_r10,1046,3.0,128,1
s28-qac/10/qac_L10_91.npz,586,-29572.0,-29836.0,-0.8927363722440146,classical_better,successive_r10,1017,3.0,128,1
s28-qac/10/qac_L10_92.npz,586,-31776.0,-31892.0,-0.365055387713998,classical_better,successive_r15,1095,3.0,128,1
s28-qac/10/qac_L10_93.npz,586,-32308.0,-32472.0,-0.5076142131979695,classical_better,successive_r10,1059,3.0,128,1
s28-qac/10/qac_L10_94.npz,586,-31968.0,-32200.0,-0.7257257257257257,classical_better,successive_r15,1064,3.0,128,1
s28-qac/10/qac_L10_95.npz,586,-31440.0,-31780.0,-1.0814249363867685,classical_better,successive_r10,1061,3.0,128,1
s28-qac/10/qac_L10_96.npz,586,-35864.0,-35976.0,-0.31229087664510374,classical_better,successive_r15,1078,3.0,128,1
s28-qac/10/qac_L10_97.npz,586,-31580.0,-31800.0,-0.6966434452184928,classical_better,successive_r10,1000,3.0,128,1
s28-qac/10/qac_L10_98.npz,586,-32532.0,-32824.0,-0.8975777695807206,classical_better,successive_r15,1096,3.0,128,1
s28-qac/10/qac_L10_99.npz,586,-34092.0,-34436.0,-1.0090343775665844,classical_better,successive_r15,1087,3.0,128,1
s28-qac/11/qac_L11_0.npz,707,-35868.0,-36612.0,-2.074272331883573,classical_better,successive_r15,1096,3.0,128,1
s28-qac/11/qac_L11_1.npz,707,-38228.0,-38564.0,-0.8789369048864707,classical_better,successive_r15,1087,3.0,128,1
s28-qac/11/qac_L11_10.npz,707,-37712.0,-37912.0,-0.5303351718285957,classical_better,successive_r15,1098,3.0,128,1
s28-qac/11/qac_L11_100.npz,707,-38876.0,-39540.0,-1.7079946496553142,classical_better,successive_r15,1089,3.0,128,1
s28-qac/11/qac_L11_101.npz,707,-38308.0,-39308.0,-2.610420799832933,classical_better,successive_r10,1027,3.0,128,1
s28-qac/11/qac_L11_102.npz,707,-39380.0,-39904.0,-1.33062468257999,classical_better,successive_r15,1107,3.0,128,1
s28-qac/11/qac_L11_103.npz,707,-39332.0,-39896.0,-1.4339469134546934,classical_better,successive_r10,1042,3.0,128,1
s28-qac/11/qac_L11_104.npz,707,-40544.0,-40972.0,-1.0556432517758485,classical_better,successive_r10,1032,3.0,128,1
s28-qac/11/qac_L11_105.npz,707,-36920.0,-37408.0,-1.3217768147345612,classical_better,successive_r15,1097,3.0,128,1
s28-qac/11/qac_L11_106.npz,707,-39036.0,-39124.0,-0.2254329337022236,classical_better,successive_r15,1102,3.0,128,1
s28-qac/11/qac_L11_107.npz,707,-39816.0,-40152.0,-0.8438818565400844,classical_better,successive_r15,1095,3.0,128,1
s28-qac/11/qac_L11_108.npz,707,-37416.0,-37644.0,-0.6093649775497113,classical_better,successive_r15,1088,3.0,128,1
s28-qac/11/qac_L11_109.npz,707,-40312.0,-40812.0,-1.2403254614010717,classical_better,successive_r10,1045,3.0,128,1
s28-qac/11/qac_L11_11.npz,707,-37760.0,-38060.0,-0.7944915254237288,classical_better,successive_r10,1056,3.0,128,1
s28-qac/11/qac_L11_110.npz,707,-39228.0,-39460.0,-0.591414295911084,classical_better,successive_r10,1059,3.0,128,1
s28-qac/11/qac_L11_111.npz,707,-40116.0,-40568.0,-1.1267324758201216,classical_better,successive_r15,1076,3.0,128,1
s28-qac/11/qac_L11_112.npz,707,-41428.0,-42160.0,-1.7669209230472145,classical_better,successive_r15,1110,3.0,128,1
s28-qac/11/qac_L11_113.npz,707,-40764.0,-40960.0,-0.4808164066333039,classical_better,successive_r10,1039,3.0,128,1
s28-qac/11/qac_L11_114.npz,707,-39176.0,-39320.0,-0.3675719828466408,classical_better,successive_r10,1020,3.0,128,1
s28-qac/11/qac_L11_115.npz,707,-42056.0,-42216.0,-0.38044512079132586,classical_better,successive_r15,1072,3.0,128,1
s28-qac/11/qac_L11_116.npz,707,-40304.0,-40536.0,-0.5756252481143311,classical_better,successive_r10,1038,3.0,128,1
s28-qac/11/qac_L11_117.npz,707,-40964.0,-41360.0,-0.966702470461869,classical_better,successive_r10,1040,3.0,128,1
s28-qac/11/qac_L11_118.npz,707,-43416.0,-43720.0,-0.7002026902524415,classical_better,successive_r10,1044,3.0,128,1
s28-qac/11/qac_L11_119.npz,707,-41476.0,-42100.0,-1.5044845211688687,classical_better,successive_r15,1110,3.0,128,1
s28-qac/11/qac_L11_12.npz,707,-40300.0,-40520.0,-0.5459057071960298,classical_better,successive_r15,1080,3.0,128,1
s28-qac/11/qac_L11_120.npz,707,-38676.0,-38880.0,-0.5274588892336333,classical_better,successive_r10,1046,3.0,128,1
s28-qac/11/qac_L11_121.npz,707,-40700.0,-40800.0,-0.2457002457002457,classical_better,successive_r10,1028,3.0,128,1
s28-qac/11/qac_L11_122.npz,707,-40816.0,-41316.0,-1.2250098000784007,classical_better,successive_r15,1102,3.0,128,1
s28-qac/11/qac_L11_123.npz,707,-38484.0,-39040.0,-1.4447562623427919,classical_better,successive_r15,1083,3.0,128,1
s28-qac/11/qac_L11_124.npz,707,-39660.0,-39844.0,-0.46394351991931415,classical_better,successive_r10,1011,3.0,128,1
s28-qac/11/qac_L11_125.npz,707,-37220.0,-37948.0,-1.955937667920473,classical_better,successive_r10,1027,3.0,128,1
s28-qac/11/qac_L11_13.npz,707,-39656.0,-39968.0,-0.7867661892273553,classical_better,successive_r10,1006,3.0,128,1
s28-qac/11/qac_L11_14.npz,707,-40528.0,-40936.0,-1.0067114093959733,classical_better,successive_r10,1012,3.0,128,1
s28-qac/11/qac_L11_15.npz,707,-41380.0,-41852.0,-1.1406476558724021,classical_better,successive_r10,1031,3.0,128,1
s28-qac/11/qac_L11_16.npz,707,-39028.0,-39308.0,-0.7174336373885416,classical_better,successive_r10,1021,3.0,128,1
s28-qac/11/qac_L11_17.npz,707,-39872.0,-40296.0,-1.0634028892455858,classical_better,successive_r10,1017,3.0,128,1
s28-qac/11/qac_L11_18.npz,707,-41064.0,-41444.0,-0.9253847652444964,classical_better,successive_r15,1095,3.0,128,1
s28-qac/11/qac_L11_19.npz,707,-40720.0,-40864.0,-0.35363457760314343,classical_better,successive_r10,1040,3.0,128,1
s28-qac/11/qac_L11_2.npz,707,-38928.0,-39304.0,-0.9658857377722976,classical_better,successive_r10,1035,3.0,128,1
s28-qac/11/qac_L11_20.npz,707,-38552.0,-39072.0,-1.3488275575845612,classical_better,successive_r10,1026,3.0,128,1
s28-qac/11/qac_L11_21.npz,707,-39384.0,-39608.0,-0.5687588868576071,classical_better,successive_r10,1010,3.0,128,1
s28-qac/11/qac_L11_22.npz,707,-41056.0,-41432.0,-0.9158222915042868,classical_better,successive_r10,1013,3.0,128,1
s28-qac/11/qac_L11_23.npz,707,-40068.0,-40300.0,-0.579015673355296,classical_better,successive_r15,1087,3.0,128,1
s28-qac/11/qac_L11_24.npz,707,-37828.0,-37992.0,-0.4335412921645342,classical_better,successive_r10,1016,3.0,128,1
s28-qac/11/qac_L11_25.npz,707,-38472.0,-38652.0,-0.4678727386150967,classical_better,successive_r10,1059,3.0,128,1
s28-qac/11/qac_L11_26.npz,707,-36228.0,-36552.0,-0.8943358728055647,classical_better,successive_r15,1082,3.0,128,1
s28-qac/11/qac_L11_27.npz,707,-38076.0,-38444.0,-0.9664880764786217,classical_better,successive_r15,1107,3.0,128,1
s28-qac/11/qac_L11_28.npz,707,-40084.0,-40428.0,-0.8581977846522303,classical_better,successive_r15,1108,3.0,128,1
s28-qac/11/qac_L11_29.npz,707,-38956.0,-39172.0,-0.5544717116747099,classical_better,successive_r10,1049,3.0,128,1
s28-qac/11/qac_L11_3.npz,707,-36448.0,-36600.0,-0.4170324846356453,classical_better,successive_r10,1008,3.0,128,1
s28-qac/11/qac_L11_30.npz,707,-38604.0,-39312.0,-1.8340068386695678,classical_better,successive_r10,1030,3.0,128,1
s28-qac/11/qac_L11_31.npz,707,-38248.0,-39180.0,-2.4367287178414556,classical_better,successive_r10,1015,3.0,128,1
s28-qac/11/qac_L11_32.npz,707,-40700.0,-41296.0,-1.4643734643734643,classical_better,successive_r10,1061,3.0,128,1
s28-qac/11/qac_L11_33.npz,707,-39376.0,-39888.0,-1.300284437220642,classical_better,successive_r15,1080,3.0,128,1
s28-qac/11/qac_L11_34.npz,707,-40444.0,-40992.0,-1.354959944614776,classical_better,successive_r15,1065,3.0,128,1
s28-qac/11/qac_L11_35.npz,707,-40536.0,-40828.0,-0.7203473455693704,classical_better,successive_r15,1104,3.0,128,1
s28-qac/11/qac_L11_36.npz,707,-40168.0,-40452.0,-0.7070304720175263,classical_better,successive_r10,1010,3.0,128,1
s28-qac/11/qac_L11_37.npz,707,-40084.0,-40348.0,-0.6586169045005489,classical_better,successive_r10,1008,3.0,128,1
s28-qac/11/qac_L11_38.npz,707,-38616.0,-39024.0,-1.0565568676196395,classical_better,successive_r10,1037,3.0,128,1
s28-qac/11/qac_L11_39.npz,707,-38208.0,-38404.0,-0.5129815745393634,classical_better,successive_r10,1031,3.0,128,1
s28-qac/11/qac_L11_4.npz,707,-41696.0,-42008.0,-0.7482732156561781,classical_better,successive_r15,1101,3.0,128,1
s28-qac/11/qac_L11_40.npz,707,-40268.0,-41112.0,-2.0959570875136584,classical_better,successive_r10,1042,3.0,128,1
s28-qac/11/qac_L11_41.npz,707,-40616.0,-40920.0,-0.7484735079771518,classical_better,successive_r10,1026,3.0,128,1
s28-qac/11/qac_L11_42.npz,707,-41304.0,-41372.0,-0.16463296533023436,classical_better,successive_r15,1111,3.0,128,1
s28-qac/11/qac_L11_43.npz,707,-40648.0,-41016.0,-0.9053335957488683,classical_better,successive_r15,1108,3.0,128,1
s28-qac/11/qac_L11_44.npz,707,-43096.0,-43212.0,-0.26916651197326896,classical_better,successive_r10,1027,3.0,128,1
s28-qac/11/qac_L11_45.npz,707,-39988.0,-40552.0,-1.4104231269380814,classical_better,successive_r15,1072,3.0,128,1
s28-qac/11/qac_L11_46.npz,707,-39904.0,-40008.0,-0.2606255012028869,classical_better,successive_r10,1009,3.0,128,1
s28-qac/11/qac_L11_47.npz,707,-37072.0,-37636.0,-1.5213638325420802,classical_better,successive_r10,1005,3.0,128,1
s28-qac/11/qac_L11_48.npz,707,-37176.0,-37800.0,-1.6785022595222725,classical_better,successive_r15,1098,3.0,128,1
s28-qac/11/qac_L11_49.npz,707,-39992.0,-40464.0,-1.180236047209442,classical_better,successive_r15,1073,3.0,128,1
s28-qac/11/qac_L11_5.npz,707,-37972.0,-38636.0,-1.7486569050879595,classical_better,successive_r10,1051,3.0,128,1
s28-qac/11/qac_L11_50.npz,707,-38124.0,-38388.0,-0.6924771797293043,classical_better,successive_r15,1094,3.0,128,1
s28-qac/11/qac_L11_51.npz,707,-39896.0,-40112.0,-0.541407659915781,classical_better,successive_r10,1006,3.0,128,1
s28-qac/11/qac_L11_52.npz,707,-41712.0,-41856.0,-0.34522439585730724,classical_better,successive_r10,1054,3.0,128,1
s28-qac/11/qac_L11_53.npz,707,-40272.0,-40408.0,-0.3377036154151768,classical_better,successive_r10,1009,3.0,128,1
s28-qac/11/qac_L11_54.npz,707,-37048.0,-37368.0,-0.8637443316778234,classical_better,successive_r15,1109,3.0,128,1
s28-qac/11/qac_L11_55.npz,707,-37784.0,-38116.0,-0.8786788058437434,classical_better,successive_r15,1084,3.0,128,1
s28-qac/11/qac_L11_56.npz,707,-39056.0,-39224.0,-0.4301515772224498,classical_better,successive_r15,1100,3.0,128,1
s28-qac/11/qac_L11_57.npz,707,-41116.0,-41528.0,-1.0020430002918572,classical_better,successive_r10,1060,3.0,128,1
s28-qac/11/qac_L11_58.npz,707,-36164.0,-36788.0,-1.7254728459241235,classical_better,successive_r10,1049,3.0,128,1
s28-qac/11/qac_L11_59.npz,707,-42364.0,-42776.0,-0.972523840997073,classical_better,successive_r10,1031,3.0,128,1
s28-qac/11/qac_L11_6.npz,707,-40276.0,-40612.0,-0.8342437183434304,classical_better,successive_r10,1051,3.0,128,1
s28-qac/11/qac_L11_60.npz,707,-39540.0,-39888.0,-0.8801213960546282,classical_better,successive_r10,1018,3.0,128,1
s28-qac/11/qac_L11_61.npz,707,-39004.0,-39532.0,-1.353707312070557,classical_better,successive_r10,1049,3.0,128,1
s28-qac/11/qac_L11_62.npz,707,-40860.0,-41060.0,-0.48947626040137054,classical_better,successive_r10,1045,3.0,128,1
s28-qac/11/qac_L11_63.npz,707,-39532.0,-39956.0,-1.072548821208135,classical_better,successive_r10,1024,3.0,128,1
s28-qac/11/qac_L11_64.npz,707,-39704.0,-40140.0,-1.0981261333870642,classical_better,successive_r10,1063,3.0,128,1
s28-qac/11/qac_L11_65.npz,707,-38732.0,-38996.0,-0.6816069399979345,classical_better,successive_r10,1021,3.0,128,1
s28-qac/11/qac_L11_66.npz,707,-40352.0,-41100.0,-1.8536875495638383,classical_better,successive_r10,1050,3.0,128,1
s28-qac/11/qac_L11_67.npz,707,-41760.0,-42124.0,-0.8716475095785441,classical_better,successive_r10,1058,3.0,128,1
s28-qac/11/qac_L11_68.npz,707,-38552.0,-38760.0,-0.5395310230338245,classical_better,successive_r15,1100,3.0,128,1
s28-qac/11/qac_L11_69.npz,707,-38964.0,-39412.0,-1.1497792834411251,classical_better,successive_r15,1089,3.0,128,1
s28-qac/11/qac_L11_7.npz,707,-39960.0,-40128.0,-0.42042042042042044,classical_better,successive_r15,1075,3.0,128,1
s28-qac/11/qac_L11_70.npz,707,-38528.0,-39084.0,-1.4431063122923589,classical_better,successive_r10,1027,3.0,128,1
s28-qac/11/qac_L11_71.npz,707,-38532.0,-39328.0,-2.065815426139313,classical_better,successive_r10,1063,3.0,128,1
s28-qac/11/qac_L11_72.npz,707,-42176.0,-42500.0,-0.7682094081942337,classical_better,successive_r10,1022,3.0,128,1
s28-qac/11/qac_L11_73.npz,707,-38640.0,-39000.0,-0.9316770186335404,classical_better,successive_r15,1074,3.0,128,1
s28-qac/11/qac_L11_74.npz,707,-38820.0,-38956.0,-0.35033487892838744,classical_better,successive_r10,1012,3.0,128,1
s28-qac/11/qac_L11_75.npz,707,-38100.0,-38432.0,-0.8713910761154856,classical_better,successive_r15,1078,3.0,128,1
s28-qac/11/qac_L11_76.npz,707,-42384.0,-42972.0,-1.3873159682899208,classical_better,successive_r10,1000,3.0,128,1
s28-qac/11/qac_L11_77.npz,707,-42464.0,-42916.0,-1.0644310474755088,classical_better,successive_r15,1087,3.0,128,1
s28-qac/11/qac_L11_78.npz,707,-40008.0,-40404.0,-0.9898020395920816,classical_better,successive_r10,1048,3.0,128,1
s28-qac/11/qac_L11_79.npz,707,-40832.0,-41100.0,-0.6563479623824452,classical_better,successive_r15,1072,3.0,128,1
s28-qac/11/qac_L11_8.npz,707,-37780.0,-38448.0,-1.768131286394918,classical_better,successive_r10,1060,3.0,128,1
s28-qac/11/qac_L11_80.npz,707,-40368.0,-40704.0,-0.8323424494649228,classical_better,successive_r15,1097,3.0,128,1
s28-qac/11/qac_L11_81.npz,707,-38204.0,-38944.0,-1.9369699507904932,classical_better,successive_r15,1065,3.0,128,1
s28-qac/11/qac_L11_82.npz,707,-42912.0,-43152.0,-0.5592841163310962,classical_better,successive_r10,1028,3.0,128,1
s28-qac/11/qac_L11_83.npz,707,-41004.0,-42040.0,-2.5265827724124477,classical_better,successive_r15,1108,3.0,128,1
s28-qac/11/qac_L11_84.npz,707,-38880.0,-39216.0,-0.8641975308641975,classical_better,successive_r10,1055,3.0,128,1
s28-qac/11/qac_L11_85.npz,707,-38528.0,-39188.0,-1.7130398671096345,classical_better,successive_r15,1100,3.0,128,1
s28-qac/11/qac_L11_86.npz,707,-40452.0,-40948.0,-1.2261445663996835,classical_better,successive_r10,1011,3.0,128,1
s28-qac/11/qac_L11_87.npz,707,-39700.0,-40168.0,-1.1788413098236776,classical_better,successive_r10,1007,3.0,128,1
s28-qac/11/qac_L11_88.npz,707,-42444.0,-42740.0,-0.6973895014607483,classical_better,successive_r15,1083,3.0,128,1
s28-qac/11/qac_L11_89.npz,707,-40536.0,-40932.0,-0.9769094138543517,classical_better,successive_r15,1111,3.0,128,1
s28-qac/11/qac_L11_9.npz,707,-38692.0,-39224.0,-1.3749612322960818,classical_better,successive_r10,1062,3.0,128,1
s28-qac/11/qac_L11_90.npz,707,-38804.0,-39200.0,-1.020513349139264,classical_better,successive_r10,1057,3.0,128,1
s28-qac/11/qac_L11_91.npz,707,-41252.0,-42032.0,-1.8908174149132164,classical_better,successive_r15,1085,3.0,128,1
s28-qac/11/qac_L11_92.npz,707,-38656.0,-38884.0,-0.589817880794702,classical_better,successive_r15,1070,3.0,128,1
s28-qac/11/qac_L11_93.npz,707,-38016.0,-38660.0,-1.694023569023569,classical_better,successive_r10,1031,3.0,128,1
s28-qac/11/qac_L11_94.npz,707,-42444.0,-42948.0,-1.1874469889737065,classical_better,successive_r10,1017,3.0,128,1
s28-qac/11/qac_L11_95.npz,707,-39460.0,-39700.0,-0.6082108464267613,classical_better,successive_r15,1070,3.0,128,1
s28-qac/11/qac_L11_96.npz,707,-38296.0,-38612.0,-0.825151451848757,classical_better,successive_r10,1048,3.0,128,1
s28-qac/11/qac_L11_97.npz,707,-37684.0,-37936.0,-0.6687188196582103,classical_better,successive_r10,1022,3.0,128,1
s28-qac/11/qac_L11_98.npz,707,-37240.0,-37960.0,-1.933404940923738,classical_better,successive_r10,1040,3.0,128,1
s28-qac/11/qac_L11_99.npz,707,-40796.0,-41476.0,-1.6668300813805275,classical_better,successive_r15,1100,3.0,128,1
s28-qac/12/qac_L12_0.npz,843,-44612.0,-45336.0,-1.6228817358558236,classical_better,successive_r10,1008,3.0,128,1
s28-qac/12/qac_L12_1.npz,843,-47760.0,-48308.0,-1.1474036850921272,classical_better,successive_r10,1049,3.0,128,1
s28-qac/12/qac_L12_10.npz,843,-47516.0,-48272.0,-1.5910430170889807,classical_better,successive_r15,1108,3.0,128,1
s28-qac/12/qac_L12_100.npz,843,-46780.0,-47584.0,-1.718683197947841,classical_better,successive_r15,1069,3.0,128,1
s28-qac/12/qac_L12_101.npz,843,-48856.0,-49148.0,-0.5976747994105125,classical_better,successive_r10,1020,3.0,128,1
s28-qac/12/qac_L12_102.npz,843,-49364.0,-49892.0,-1.0696053804391865,classical_better,successive_r15,1074,3.0,128,1
s28-qac/12/qac_L12_103.npz,843,-49312.0,-49908.0,-1.208630759247242,classical_better,successive_r10,1018,3.0,128,1
s28-qac/12/qac_L12_104.npz,843,-45060.0,-45716.0,-1.4558366622281402,classical_better,successive_r10,1062,3.0,128,1
s28-qac/12/qac_L12_105.npz,843,-43856.0,-44624.0,-1.7511856986501277,classical_better,successive_r10,1048,3.0,128,1
s28-qac/12/qac_L12_106.npz,843,-46564.0,-47240.0,-1.4517653122583971,classical_better,successive_r10,1046,3.0,128,1
s28-qac/12/qac_L12_107.npz,843,-49260.0,-49736.0,-0.9663012586276898,classical_better,successive_r15,1070,3.0,128,1
s28-qac/12/qac_L12_108.npz,843,-45456.0,-45812.0,-0.7831749384019712,classical_better,successive_r10,1017,3.0,128,1
s28-qac/12/qac_L12_109.npz,843,-43304.0,-43544.0,-0.5542213190467393,classical_better,successive_r10,1028,3.0,128,1
s28-qac/12/qac_L12_11.npz,843,-47316.0,-48148.0,-1.7583903964832193,classical_better,successive_r10,1010,3.0,128,1
s28-qac/12/qac_L12_110.npz,843,-49560.0,-49872.0,-0.6295399515738499,classical_better,successive_r10,1040,3.0,128,1
s28-qac/12/qac_L12_111.npz,843,-49704.0,-50008.0,-0.6116207951070336,classical_better,successive_r10,1060,3.0,128,1
s28-qac/12/qac_L12_112.npz,843,-48016.0,-48744.0,-1.5161612795734756,classical_better,successive_r10,1008,3.0,128,1
s28-qac/12/qac_L12_113.npz,843,-48172.0,-48712.0,-1.1209831437349498,classical_better,successive_r10,1029,3.0,128,1
s28-qac/12/qac_L12_114.npz,843,-44100.0,-44736.0,-1.4421768707482994,classical_better,successive_r10,1045,3.0,128,1
s28-qac/12/qac_L12_115.npz,843,-48816.0,-49512.0,-1.4257620452310718,classical_better,successive_r10,1060,3.0,128,1
s28-qac/12/qac_L12_116.npz,843,-50208.0,-50696.0,-0.9719566602931804,classical_better,successive_r15,1090,3.0,128,1
s28-qac/12/qac_L12_117.npz,843,-47608.0,-48184.0,-1.2098806923206185,classical_better,successive_r15,1087,3.0,128,1
s28-qac/12/qac_L12_118.npz,843,-48584.0,-48896.0,-0.6421867281409518,classical_better,successive_r10,1005,3.0,128,1
s28-qac/12/qac_L12_119.npz,843,-46096.0,-46576.0,-1.0413051023950017,classical_better,successive_r15,1107,3.0,128,1
s28-qac/12/qac_L12_12.npz,843,-50960.0,-51384.0,-0.8320251177394035,classical_better,successive_r15,1072,3.0,128,1
s28-qac/12/qac_L12_120.npz,843,-46728.0,-47396.0,-1.4295497346344803,classical_better,successive_r10,1022,3.0,128,1
s28-qac/12/qac_L12_121.npz,843,-47552.0,-48352.0,-1.6823687752355316,classical_better,successive_r15,1069,3.0,128,1
s28-qac/12/qac_L12_122.npz,843,-49964.0,-50852.0,-1.777279641341766,classical_better,successive_r10,1024,3.0,128,1
s28-qac/12/qac_L12_123.npz,843,-46132.0,-46736.0,-1.3092863955605654,classical_better,successive_r15,1109,3.0,128,1
s28-qac/12/qac_L12_124.npz,843,-47448.0,-47860.0,-0.8683190018546619,classical_better,successive_r10,1026,3.0,128,1
s28-qac/12/qac_L12_125.npz,843,-49676.0,-50224.0,-1.1031484016426443,classical_better,successive_r10,1006,3.0,128,1
s28-qac/12/qac_L12_13.npz,843,-46788.0,-47224.0,-0.9318628708215781,classical_better,successive_r15,1108,3.0,128,1
s28-qac/12/qac_L12_14.npz,843,-47572.0,-48404.0,-1.7489279408055158,classical_better,successive_r15,1070,3.0,128,1
s28-qac/12/qac_L12_15.npz,843,-46884.0,-47216.0,-0.708130705571197,classical_better,successive_r15,1076,3.0,128,1
s28-qac/12/qac_L12_16.npz,843,-49372.0,-50040.0,-1.3529935996111155,classical_better,successive_r15,1070,3.0,128,1
s28-qac/12/qac_L12_17.npz,843,-45532.0,-45980.0,-0.9839233945357111,classical_better,successive_r10,1017,3.0,128,1
s28-qac/12/qac_L12_18.npz,843,-49136.0,-49804.0,-1.3594920221426245,classical_better,successive_r10,1012,3.0,128,1
s28-qac/12/qac_L12_19.npz,843,-49264.0,-50144.0,-1.7862942513803184,classical_better,successive_r10,1057,3.0,128,1
s28-qac/12/qac_L12_2.npz,843,-43404.0,-43996.0,-1.3639295917426966,classical_better,successive_r10,1032,3.0,128,1
s28-qac/12/qac_L12_20.npz,843,-48172.0,-48640.0,-0.9715187245702898,classical_better,successive_r10,1045,3.0,128,1
s28-qac/12/qac_L12_21.npz,843,-49668.0,-50456.0,-1.586534589675445,classical_better,successive_r10,1018,3.0,128,1
s28-qac/12/qac_L12_22.npz,843,-49580.0,-49912.0,-0.6696248487293264,classical_better,successive_r10,1030,3.0,128,1
s28-qac/12/qac_L12_23.npz,843,-51260.0,-51920.0,-1.2875536480686696,classical_better,successive_r10,1050,3.0,128,1
s28-qac/12/qac_L12_24.npz,843,-43012.0,-43952.0,-2.185436622337952,classical_better,successive_r15,1089,3.0,128,1
s28-qac/12/qac_L12_25.npz,843,-48596.0,-49192.0,-1.2264383899909457,classical_better,successive_r10,1047,3.0,128,1
s28-qac/12/qac_L12_26.npz,843,-45384.0,-46044.0,-1.4542570068746694,classical_better,successive_r15,1087,3.0,128,1
s28-qac/12/qac_L12_27.npz,843,-47200.0,-47676.0,-1.0084745762711864,classical_better,successive_r10,1011,3.0,128,1
s28-qac/12/qac_L12_28.npz,843,-45440.0,-45492.0,-0.11443661971830986,classical_better,successive_r10,1039,3.0,128,1
s28-qac/12/qac_L12_29.npz,843,-45940.0,-47104.0,-2.5337396604266433,classical_better,successive_r10,1050,3.0,128,1
s28-qac/12/qac_L12_3.npz,843,-49216.0,-49260.0,-0.08940182054616384,classical_better,successive_r10,1018,3.0,128,1
s28-qac/12/qac_L12_30.npz,843,-49912.0,-50252.0,-0.6811989100817438,classical_better,successive_r15,1105,3.0,128,1
s28-qac/12/qac_L12_31.npz,843,-49320.0,-49832.0,-1.038118410381184,classical_better,successive_r15,1094,3.0,128,1
s28-qac/12/qac_L12_32.npz,843,-47048.0,-47152.0,-0.22105084169358952,classical_better,successive_r10,1054,3.0,128,1
s28-qac/12/qac_L12_33.npz,843,-46480.0,-47568.0,-2.3407917383820998,classical_better,successive_r10,1048,3.0,128,1
s28-qac/12/qac_L12_34.npz,843,-50924.0,-51172.0,-0.48700023564527534,classical_better,successive_r10,1016,3.0,128,1
s28-qac/12/qac_L12_35.npz,843,-45956.0,-46236.0,-0.609278440247193,classical_better,successive_r15,1100,3.0,128,1
s28-qac/12/qac_L12_36.npz,843,-47360.0,-47572.0,-0.44763513513513514,classical_better,successive_r10,1032,3.0,128,1
s28-qac/12/qac_L12_37.npz,843,-49920.0,-50360.0,-0.8814102564102564,classical_better,successive_r10,1038,3.0,128,1
s28-qac/12/qac_L12_38.npz,843,-44752.0,-45132.0,-0.8491240614944583,classical_better,successive_r15,1096,3.0,128,1
s28-qac/12/qac_L12_39.npz,843,-48604.0,-49452.0,-1.7447123693523168,classical_better,successive_r10,1055,3.0,128,1
s28-qac/12/qac_L12_4.npz,843,-49596.0,-50224.0,-1.2662311476731996,classical_better,successive_r10,1062,3.0,128,1
s28-qac/12/qac_L12_40.npz,843,-51944.0,-52372.0,-0.8239642692129986,classical_better,successive_r15,1072,3.0,128,1
s28-qac/12/qac_L12_41.npz,843,-45396.0,-46624.0,-2.7050841483831176,classical_better,successive_r10,1036,3.0,128,1
s28-qac/12/qac_L12_42.npz,843,-47792.0,-48460.0,-1.3977234683629058,classical_better,successive_r10,1009,3.0,128,1
s28-qac/12/qac_L12_43.npz,843,-47636.0,-48356.0,-1.511461919556638,classical_better,successive_r15,1072,3.0,128,1
s28-qac/12/qac_L12_44.npz,843,-46636.0,-46780.0,-0.30877433742173427,classical_better,successive_r10,1011,3.0,128,1
s28-qac/12/qac_L12_45.npz,843,-45004.0,-45640.0,-1.4132077148697892,classical_better,successive_r10,1018,3.0,128,1
s28-qac/12/qac_L12_46.npz,843,-51068.0,-51512.0,-0.8694289966319417,classical_better,successive_r15,1093,3.0,128,1
s28-qac/12/qac_L12_47.npz,843,-45888.0,-46196.0,-0.6711994421199442,classical_better,successive_r10,1033,3.0,128,1
s28-qac/12/qac_L12_48.npz,843,-45828.0,-46216.0,-0.8466439731168718,classical_better,successive_r10,1046,3.0,128,1
s28-qac/12/qac_L12_49.npz,843,-44324.0,-44736.0,-0.9295189964804621,classical_better,successive_r15,1067,3.0,128,1
s28-qac/12/qac_L12_5.npz,843,-46900.0,-47104.0,-0.4349680170575693,classical_better,successive_r10,1057,3.0,128,1
s28-qac/12/qac_L12_50.npz,843,-47272.0,-47808.0,-1.1338635979015061,classical_better,successive_r10,1018,3.0,128,1
s28-qac/12/qac_L12_51.npz,843,-46880.0,-47736.0,-1.825938566552901,classical_better,successive_r15,1085,3.0,128,1
s28-qac/12/qac_L12_52.npz,843,-45296.0,-45560.0,-0.5828329212292476,classical_better,successive_r15,1077,3.0,128,1
s28-qac/12/qac_L12_53.npz,843,-46388.0,-46888.0,-1.0778649650771752,classical_better,successive_r10,1016,3.0,128,1
s28-qac/12/qac_L12_54.npz,843,-45408.0,-45756.0,-0.766384778012685,classical_better,successive_r15,1075,3.0,128,1
s28-qac/12/qac_L12_55.npz,843,-49112.0,-49408.0,-0.602704023456589,classical_better,successive_r15,1083,3.0,128,1
s28-qac/12/qac_L12_56.npz,843,-49036.0,-49696.0,-1.3459499143486418,classical_better,successive_r10,1017,3.0,128,1
s28-qac/12/qac_L12_57.npz,843,-47308.0,-48380.0,-2.2660015219413205,classical_better,successive_r10,1059,3.0,128,1
s28-qac/12/qac_L12_58.npz,843,-49676.0,-50244.0,-1.1434092922135437,classical_better,successive_r15,1070,3.0,128,1
s28-qac/12/qac_L12_59.npz,843,-46096.0,-46324.0,-0.4946199236376258,classical_better,successive_r15,1101,3.0,128,1
s28-qac/12/qac_L12_6.npz,843,-49204.0,-49804.0,-1.2194130558491179,classical_better,successive_r10,1017,3.0,128,1
s28-qac/12/qac_L12_60.npz,843,-50128.0,-50344.0,-0.4308969039259496,classical_better,successive_r15,1102,3.0,128,1
s28-qac/12/qac_L12_61.npz,843,-49488.0,-50432.0,-1.9075331393469124,classical_better,successive_r15,1083,3.0,128,1
s28-qac/12/qac_L12_62.npz,843,-46524.0,-46952.0,-0.9199552918923566,classical_better,successive_r10,1024,3.0,128,1
s28-qac/12/qac_L12_63.npz,843,-48608.0,-49496.0,-1.826859776168532,classical_better,successive_r10,1048,3.0,128,1
s28-qac/12/qac_L12_64.npz,843,-46496.0,-46940.0,-0.9549208534067447,classical_better,successive_r15,1071,3.0,128,1
s28-qac/12/qac_L12_65.npz,843,-48300.0,-48872.0,-1.184265010351967,classical_better,successive_r10,1012,3.0,128,1
s28-qac/12/qac_L12_66.npz,843,-48036.0,-48508.0,-0.9825963860438005,classical_better,successive_r15,1079,3.0,128,1
s28-qac/12/qac_L12_67.npz,843,-45956.0,-46516.0,-1.218556880494386,classical_better,successive_r10,1001,3.0,128,1
s28-qac/12/qac_L12_68.npz,843,-45784.0,-46108.0,-0.707670802026909,classical_better,successive_r15,1092,3.0,128,1
s28-qac/12/qac_L12_69.npz,843,-50600.0,-50768.0,-0.33201581027667987,classical_better,successive_r15,1097,3.0,128,1
s28-qac/12/qac_L12_7.npz,843,-45992.0,-46308.0,-0.6870760132196904,classical_better,successive_r15,1107,3.0,128,1
s28-qac/12/qac_L12_70.npz,843,-47312.0,-47788.0,-1.0060872505918161,classical_better,successive_r15,1099,3.0,128,1
s28-qac/12/qac_L12_71.npz,843,-47280.0,-47872.0,-1.252115059221658,classical_better,successive_r15,1080,3.0,128,1
s28-qac/12/qac_L12_72.npz,843,-50000.0,-50540.0,-1.08,classical_better,successive_r10,1024,3.0,128,1
s28-qac/12/qac_L12_73.npz,843,-48376.0,-49072.0,-1.43872994873491,classical_better,successive_r15,1083,3.0,128,1
s28-qac/12/qac_L12_74.npz,843,-46612.0,-47320.0,-1.5189221659658456,classical_better,successive_r15,1095,3.0,128,1
s28-qac/12/qac_L12_75.npz,843,-49384.0,-50024.0,-1.2959663048760732,classical_better,successive_r15,1078,3.0,128,1
s28-qac/12/qac_L12_76.npz,843,-44456.0,-45468.0,-2.27640813388519,classical_better,successive_r10,1016,3.0,128,1
s28-qac/12/qac_L12_77.npz,843,-43472.0,-44024.0,-1.2697828487302172,classical_better,successive_r10,1011,3.0,128,1
s28-qac/12/qac_L12_78.npz,843,-51032.0,-51828.0,-1.5598056121649162,classical_better,successive_r10,1011,3.0,128,1
s28-qac/12/qac_L12_79.npz,843,-43936.0,-44056.0,-0.27312454479242537,classical_better,successive_r15,1082,3.0,128,1
s28-qac/12/qac_L12_8.npz,843,-48336.0,-48788.0,-0.9351208209202251,classical_better,successive_r15,1080,3.0,128,1
s28-qac/12/qac_L12_80.npz,843,-47004.0,-47428.0,-0.9020508892860182,classical_better,successive_r10,1001,3.0,128,1
s28-qac/12/qac_L12_81.npz,843,-44960.0,-45396.0,-0.9697508896797153,classical_better,successive_r15,1104,3.0,128,1
s28-qac/12/qac_L12_82.npz,843,-48032.0,-48196.0,-0.34143904063957364,classical_better,successive_r10,1024,3.0,128,1
s28-qac/12/qac_L12_83.npz,843,-46592.0,-46952.0,-0.7726648351648352,classical_better,successive_r10,1041,3.0,128,1
s28-qac/12/qac_L12_84.npz,843,-46484.0,-46752.0,-0.5765424662249377,classical_better,successive_r15,1075,3.0,128,1
s28-qac/12/qac_L12_85.npz,843,-45524.0,-46340.0,-1.7924611194095421,classical_better,successive_r15,1092,3.0,128,1
s28-qac/12/qac_L12_86.npz,843,-47108.0,-47432.0,-0.6877812685743399,classical_better,successive_r15,1088,3.0,128,1
s28-qac/12/qac_L12_87.npz,843,-48084.0,-48552.0,-0.9732967307212378,classical_better,successive_r15,1087,3.0,128,1
s28-qac/12/qac_L12_88.npz,843,-46652.0,-47172.0,-1.1146360284660894,classical_better,successive_r10,1040,3.0,128,1
s28-qac/12/qac_L12_89.npz,843,-46412.0,-47216.0,-1.7323106093251746,classical_better,successive_r10,1046,3.0,128,1
s28-qac/12/qac_L12_9.npz,843,-48532.0,-48856.0,-0.6676007582625896,classical_better,successive_r10,1049,3.0,128,1
s28-qac/12/qac_L12_90.npz,843,-45760.0,-46348.0,-1.284965034965035,classical_better,successive_r15,1080,3.0,128,1
s28-qac/12/qac_L12_91.npz,843,-47076.0,-47708.0,-1.3425099838558927,classical_better,successive_r15,1102,3.0,128,1
s28-qac/12/qac_L12_92.npz,843,-44288.0,-44604.0,-0.7135115606936416,classical_better,successive_r10,1029,3.0,128,1
s28-qac/12/qac_L12_93.npz,843,-46228.0,-46276.0,-0.10383317469931644,classical_better,successive_r10,1007,3.0,128,1
s28-qac/12/qac_L12_94.npz,843,-45968.0,-46076.0,-0.23494604942568745,classical_better,successive_r10,1034,3.0,128,1
s28-qac/12/qac_L12_95.npz,843,-45780.0,-46520.0,-1.6164263870685889,classical_better,successive_r10,1033,3.0,128,1
s28-qac/12/qac_L12_96.npz,843,-47596.0,-48348.0,-1.5799647029162114,classical_better,successive_r15,1080,3.0,128,1
s28-qac/12/qac_L12_97.npz,843,-46996.0,-47212.0,-0.45961358413482,classical_better,successive_r10,1042,3.0,128,1
s28-qac/12/qac_L12_98.npz,843,-49140.0,-50104.0,-1.9617419617419618,classical_better,successive_r10,1041,3.0,128,1
s28-qac/12/qac_L12_99.npz,843,-44104.0,-44464.0,-0.8162524941048431,classical_better,successive_r15,1099,3.0,128,1
s28-qac/13/qac_L13_0.npz,991,-57520.0,-57916.0,-0.6884561891515995,classical_better,successive_r15,1088,3.0,128,1
s28-qac/13/qac_L13_1.npz,991,-59244.0,-59532.0,-0.48612517723313753,classical_better,successive_r10,1056,3.0,128,1
s28-qac/13/qac_L13_10.npz,991,-53052.0,-53728.0,-1.274221518510141,classical_better,successive_r10,1057,3.0,128,1
s28-qac/13/qac_L13_100.npz,991,-54832.0,-55940.0,-2.0207178290049606,classical_better,successive_r15,1066,3.0,128,1
s28-qac/13/qac_L13_101.npz,991,-55572.0,-57276.0,-3.066292377456273,classical_better,successive_r15,1109,3.0,128,1
s28-qac/13/qac_L13_102.npz,991,-58696.0,-59256.0,-0.9540684203352869,classical_better,successive_r10,1035,3.0,128,1
s28-qac/13/qac_L13_103.npz,991,-57592.0,-58268.0,-1.173774135296569,classical_better,successive_r10,1034,3.0,128,1
s28-qac/13/qac_L13_104.npz,991,-56516.0,-57140.0,-1.1041121098449997,classical_better,successive_r15,1109,3.0,128,1
s28-qac/13/qac_L13_105.npz,991,-54880.0,-55728.0,-1.5451895043731778,classical_better,successive_r15,1072,3.0,128,1
s28-qac/13/qac_L13_106.npz,991,-54332.0,-55412.0,-1.987778841198557,classical_better,successive_r15,1102,3.0,128,1
s28-qac/13/qac_L13_107.npz,991,-54800.0,-55684.0,-1.6131386861313868,classical_better,successive_r15,1089,3.0,128,1
s28-qac/13/qac_L13_108.npz,991,-57368.0,-57912.0,-0.9482638404685539,classical_better,successive_r15,1109,3.0,128,1
s28-qac/13/qac_L13_109.npz,991,-56924.0,-57756.0,-1.4615979200337292,classical_better,successive_r10,1060,3.0,128,1
s28-qac/13/qac_L13_11.npz,991,-55776.0,-56580.0,-1.4414802065404475,classical_better,successive_r10,1047,3.0,128,1
s28-qac/13/qac_L13_110.npz,991,-55684.0,-56812.0,-2.0257165433517708,classical_better,successive_r10,1052,3.0,128,1
s28-qac/13/qac_L13_111.npz,991,-57176.0,-58108.0,-1.630054568350357,classical_better,successive_r15,1102,3.0,128,1
s28-qac/13/qac_L13_112.npz,991,-53884.0,-54912.0,-1.9078019449187142,classical_better,successive_r10,1007,3.0,128,1
s28-qac/13/qac_L13_113.npz,991,-55324.0,-55892.0,-1.0266791989010196,classical_better,successive_r15,1095,3.0,128,1
s28-qac/13/qac_L13_114.npz,991,-53964.0,-54528.0,-1.0451412052479432,classical_better,successive_r10,1042,3.0,128,1
s28-qac/13/qac_L13_115.npz,991,-54352.0,-54940.0,-1.0818369149249338,classical_better,successive_r10,1002,3.0,128,1
s28-qac/13/qac_L13_116.npz,991,-61504.0,-62792.0,-2.0941727367325704,classical_better,successive_r10,1050,3.0,128,1
s28-qac/13/qac_L13_117.npz,991,-57232.0,-58076.0,-1.4746994688286272,classical_better,successive_r10,1052,3.0,128,1
s28-qac/13/qac_L13_118.npz,991,-57804.0,-58264.0,-0.7957926787073559,classical_better,successive_r15,1087,3.0,128,1
s28-qac/13/qac_L13_119.npz,991,-57444.0,-57876.0,-0.7520367662419052,classical_better,successive_r15,1073,3.0,128,1
s28-qac/13/qac_L13_12.npz,991,-55208.0,-55828.0,-1.1230256484567454,classical_better,successive_r10,1063,3.0,128,1
s28-qac/13/qac_L13_120.npz,991,-53696.0,-54612.0,-1.7058998808104886,classical_better,successive_r10,1032,3.0,128,1
s28-qac/13/qac_L13_121.npz,991,-53496.0,-54456.0,-1.7945266935845672,classical_better,successive_r10,1051,3.0,128,1
s28-qac/13/qac_L13_122.npz,991,-55960.0,-56164.0,-0.3645461043602573,classical_better,successive_r10,1047,3.0,128,1
s28-qac/13/qac_L13_123.npz,991,-55960.0,-56736.0,-1.3867047891350965,classical_better,successive_r10,1023,3.0,128,1
s28-qac/13/qac_L13_124.npz,991,-53500.0,-54404.0,-1.6897196261682244,classical_better,successive_r15,1085,3.0,128,1
s28-qac/13/qac_L13_125.npz,991,-54252.0,-55020.0,-1.4156160141561602,classical_better,successive_r15,1086,3.0,128,1
s28-qac/13/qac_L13_13.npz,991,-58312.0,-59028.0,-1.2278776238167102,classical_better,successive_r15,1106,3.0,128,1
s28-qac/13/qac_L13_14.npz,991,-54788.0,-55196.0,-0.7446886179455355,classical_better,successive_r10,1032,3.0,128,1
s28-qac/13/qac_L13_15.npz,991,-55936.0,-56440.0,-0.9010297482837528,classical_better,successive_r10,1006,3.0,128,1
s28-qac/13/qac_L13_16.npz,991,-57164.0,-58256.0,-1.910293191519138,classical_better,successive_r15,1070,3.0,128,1
s28-qac/13/qac_L13_17.npz,991,-53440.0,-54460.0,-1.908682634730539,classical_better,successive_r10,1036,3.0,128,1
s28-qac/13/qac_L13_18.npz,991,-57456.0,-57636.0,-0.3132832080200501,classical_better,successive_r15,1110,3.0,128,1
s28-qac/13/qac_L13_19.npz,991,-56896.0,-57136.0,-0.421822272215973,classical_better,successive_r10,1039,3.0,128,1
s28-qac/13/qac_L13_2.npz,991,-54540.0,-54980.0,-0.8067473414008067,classical_better,successive_r10,1048,3.0,128,1
s28-qac/13/qac_L13_20.npz,991,-55120.0,-56100.0,-1.7779390420899854,classical_better,successive_r10,1000,3.0,128,1
s28-qac/13/qac_L13_21.npz,991,-53812.0,-54616.0,-1.4940905374265963,classical_better,successive_r10,1018,3.0,128,1
s28-qac/13/qac_L13_22.npz,991,-53848.0,-54260.0,-0.7651166245728718,classical_better,successive_r15,1085,3.0,128,1
s28-qac/13/qac_L13_23.npz,991,-53656.0,-55192.0,-2.8626807812732964,classical_better,successive_r10,1050,3.0,128,1
s28-qac/13/qac_L13_24.npz,991,-55988.0,-56972.0,-1.7575194684575266,classical_better,successive_r15,1101,3.0,128,1
s28-qac/13/qac_L13_25.npz,991,-60672.0,-60948.0,-0.4549050632911392,classical_better,successive_r10,1049,3.0,128,1
s28-qac/13/qac_L13_26.npz,991,-56100.0,-57088.0,-1.7611408199643495,classical_better,successive_r15,1064,3.0,128,1
s28-qac/13/qac_L13_27.npz,991,-57776.0,-58692.0,-1.5854333979507063,classical_better,successive_r10,1051,3.0,128,1
s28-qac/13/qac_L13_28.npz,991,-54328.0,-54964.0,-1.1706670593432484,classical_better,successive_r15,1064,3.0,128,1
s28-qac/13/qac_L13_29.npz,991,-54416.0,-55320.0,-1.661276095266098,classical_better,successive_r15,1067,3.0,128,1
s28-qac/13/qac_L13_3.npz,991,-54880.0,-55632.0,-1.370262390670554,classical_better,successive_r10,1007,3.0,128,1
s28-qac/13/qac_L13_30.npz,991,-54608.0,-55444.0,-1.5309112217990037,classical_better,successive_r15,1111,3.0,128,1
s28-qac/13/qac_L13_31.npz,991,-54724.0,-55384.0,-1.2060521891674585,classical_better,successive_r15,1098,3.0,128,1
s28-qac/13/qac_L13_32.npz,991,-56668.0,-57504.0,-1.4752594056610433,classical_better,successive_r10,1010,3.0,128,1
s28-qac/13/qac_L13_33.npz,991,-58384.0,-60028.0,-2.8158399561523706,classical_better,successive_r15,1066,3.0,128,1
s28-qac/13/qac_L13_34.npz,991,-59752.0,-60204.0,-0.7564600348105502,classical_better,successive_r15,1087,3.0,128,1
s28-qac/13/qac_L13_35.npz,991,-55828.0,-56504.0,-1.2108619330801749,classical_better,successive_r10,1045,3.0,128,1
s28-qac/13/qac_L13_36.npz,991,-55544.0,-56148.0,-1.0874261846464064,classical_better,successive_r15,1067,3.0,128,1
s28-qac/13/qac_L13_37.npz,991,-57816.0,-59060.0,-2.1516535215165353,classical_better,successive_r10,1015,3.0,128,1
s28-qac/13/qac_L13_38.npz,991,-56836.0,-57956.0,-1.9705820254768105,classical_better,successive_r15,1108,3.0,128,1
s28-qac/13/qac_L13_39.npz,991,-54372.0,-54908.0,-0.9858015154859119,classical_better,successive_r15,1067,3.0,128,1
s28-qac/13/qac_L13_4.npz,991,-56048.0,-56984.0,-1.6699971453040252,classical_better,successive_r10,1007,3.0,128,1
s28-qac/13/qac_L13_40.npz,991,-57256.0,-57564.0,-0.5379348889199386,classical_better,successive_r15,1076,3.0,128,1
s28-qac/13/qac_L13_41.npz,991,-54272.0,-55488.0,-2.240566037735849,classical_better,successive_r10,1027,3.0,128,1
s28-qac/13/qac_L13_42.npz,991,-55632.0,-56592.0,-1.7256255392579811,classical_better,successive_r15,1091,3.0,128,1
s28-qac/13/qac_L13_43.npz,991,-53440.0,-53536.0,-0.17964071856287425,classical_better,successive_r15,1092,3.0,128,1
s28-qac/13/qac_L13_44.npz,991,-54136.0,-54884.0,-1.3817053347125758,classical_better,successive_r10,1004,3.0,128,1
s28-qac/13/qac_L13_45.npz,991,-55376.0,-55740.0,-0.6573244726957527,classical_better,successive_r10,1010,3.0,128,1
s28-qac/13/qac_L13_46.npz,991,-54672.0,-55560.0,-1.6242317822651449,classical_better,successive_r10,1044,3.0,128,1
s28-qac/13/qac_L13_47.npz,991,-52524.0,-53200.0,-1.2870306907318558,classical_better,successive_r15,1104,3.0,128,1
s28-qac/13/qac_L13_48.npz,991,-56524.0,-57248.0,-1.280871842049395,classical_better,successive_r15,1070,3.0,128,1
s28-qac/13/qac_L13_49.npz,991,-54800.0,-55608.0,-1.4744525547445255,classical_better,successive_r10,1026,3.0,128,1
s28-qac/13/qac_L13_5.npz,991,-52516.0,-53620.0,-2.102216467362328,classical_better,successive_r10,1042,3.0,128,1
s28-qac/13/qac_L13_50.npz,991,-54856.0,-55780.0,-1.684410091876914,classical_better,successive_r15,1111,3.0,128,1
s28-qac/13/qac_L13_51.npz,991,-57584.0,-58256.0,-1.1669908307863295,classical_better,successive_r10,1037,3.0,128,1
s28-qac/13/qac_L13_52.npz,991,-56872.0,-57868.0,-1.7513011675341117,classical_better,successive_r10,1055,3.0,128,1
s28-qac/13/qac_L13_53.npz,991,-54876.0,-56256.0,-2.514760551060573,classical_better,successive_r15,1102,3.0,128,1
s28-qac/13/qac_L13_54.npz,991,-55992.0,-57116.0,-2.0074296328046866,classical_better,successive_r15,1080,3.0,128,1
s28-qac/13/qac_L13_55.npz,991,-54984.0,-55704.0,-1.3094718463553034,classical_better,successive_r15,1100,3.0,128,1
s28-qac/13/qac_L13_56.npz,991,-54764.0,-55504.0,-1.3512526477247826,classical_better,successive_r10,1033,3.0,128,1
s28-qac/13/qac_L13_57.npz,991,-54504.0,-55432.0,-1.7026273301042125,classical_better,successive_r15,1067,3.0,128,1
s28-qac/13/qac_L13_58.npz,991,-59004.0,-59884.0,-1.4914243102162565,classical_better,successive_r15,1083,3.0,128,1
s28-qac/13/qac_L13_59.npz,991,-56072.0,-56192.0,-0.21401055785418746,classical_better,successive_r10,101082,3.0,256,2
s28-qac/13/qac_L13_6.npz,991,-57028.0,-58248.0,-2.139299992985902,classical_better,successive_r15,1100,3.0,128,1
s28-qac/13/qac_L13_60.npz,991,-51792.0,-53008.0,-2.3478529502625887,classical_better,successive_r10,1013,3.0,128,1
s28-qac/13/qac_L13_61.npz,991,-53644.0,-54448.0,-1.4987696666915218,classical_better,successive_r10,1004,3.0,128,1
s28-qac/13/qac_L13_62.npz,991,-53072.0,-54044.0,-1.831474223696111,classical_better,successive_r10,1049,3.0,128,1
s28-qac/13/qac_L13_63.npz,991,-57216.0,-57352.0,-0.2376957494407159,classical_better,successive_r15,1110,3.0,128,1
s28-qac/13/qac_L13_64.npz,991,-58512.0,-58616.0,-0.17774131802023516,classical_better,successive_r10,1012,3.0,128,1
s28-qac/13/qac_L13_65.npz,991,-57252.0,-57756.0,-0.8803185914902536,classical_better,successive_r10,1037,3.0,128,1
s28-qac/13/qac_L13_66.npz,991,-54960.0,-55368.0,-0.74235807860262,classical_better,successive_r15,1110,3.0,128,1
s28-qac/13/qac_L13_67.npz,991,-54888.0,-56380.0,-2.718262643929456,classical_better,successive_r10,1009,3.0,128,1
s28-qac/13/qac_L13_68.npz,991,-55980.0,-56820.0,-1.5005359056806002,classical_better,successive_r10,1021,3.0,128,1
s28-qac/13/qac_L13_69.npz,991,-54184.0,-55064.0,-1.6240956739997048,classical_better,successive_r10,1048,3.0,128,1
s28-qac/13/qac_L13_7.npz,991,-54652.0,-55152.0,-0.9148796018443973,classical_better,successive_r15,1093,3.0,128,1
s28-qac/13/qac_L13_70.npz,991,-58612.0,-59308.0,-1.187470142632908,classical_better,successive_r10,1041,3.0,128,1
s28-qac/13/qac_L13_71.npz,991,-53320.0,-53744.0,-0.795198799699925,classical_better,successive_r10,1051,3.0,128,1
s28-qac/13/qac_L13_72.npz,991,-55756.0,-56240.0,-0.8680680106176913,classical_better,successive_r15,1101,3.0,128,1
s28-qac/13/qac_L13_73.npz,991,-56732.0,-57872.0,-2.009447930621166,classical_better,successive_r10,1001,3.0,128,1
s28-qac/13/qac_L13_74.npz,991,-52360.0,-53524.0,-2.223071046600458,classical_better,successive_r10,1002,3.0,128,1
s28-qac/13/qac_L13_75.npz,991,-52292.0,-52880.0,-1.1244549835538897,classical_better,successive_r10,1003,3.0,128,1
s28-qac/13/qac_L13_76.npz,991,-57232.0,-57584.0,-0.6150405367626502,classical_better,successive_r10,1038,3.0,128,1
s28-qac/13/qac_L13_77.npz,991,-56232.0,-57092.0,-1.5293782899416701,classical_better,successive_r10,1053,3.0,128,1
s28-qac/13/qac_L13_78.npz,991,-54196.0,-55384.0,-2.1920436932614953,classical_better,successive_r15,1074,3.0,128,1
s28-qac/13/qac_L13_79.npz,991,-56136.0,-57068.0,-1.6602536696593986,classical_better,successive_r10,1012,3.0,128,1
s28-qac/13/qac_L13_8.npz,991,-59552.0,-59660.0,-0.18135411069317572,classical_better,successive_r10,1047,3.0,128,1
s28-qac/13/qac_L13_80.npz,991,-56840.0,-57692.0,-1.4989444053483463,classical_better,successive_r15,1085,3.0,128,1
s28-qac/13/qac_L13_81.npz,991,-55716.0,-56168.0,-0.8112570895254505,classical_better,successive_r15,1083,3.0,128,1
s28-qac/13/qac_L13_82.npz,991,-54748.0,-55564.0,-1.4904654051289545,classical_better,successive_r10,1013,3.0,128,1
s28-qac/13/qac_L13_83.npz,991,-55448.0,-56308.0,-1.5510027413071708,classical_better,successive_r10,1044,3.0,128,1
s28-qac/13/qac_L13_84.npz,991,-59692.0,-60208.0,-0.864437445553843,classical_better,successive_r15,1089,3.0,128,1
s28-qac/13/qac_L13_85.npz,991,-56396.0,-57476.0,-1.9150294347116816,classical_better,successive_r15,1081,3.0,128,1
s28-qac/13/qac_L13_86.npz,991,-56532.0,-56992.0,-0.8136984362838746,classical_better,successive_r15,1101,3.0,128,1
s28-qac/13/qac_L13_87.npz,991,-54052.0,-55004.0,-1.7612669281432694,classical_better,successive_r10,1037,3.0,128,1
s28-qac/13/qac_L13_88.npz,991,-57024.0,-58184.0,-2.0342312008978674,classical_better,successive_r10,1035,3.0,128,1
s28-qac/13/qac_L13_89.npz,991,-57472.0,-57772.0,-0.5219933184855234,classical_better,successive_r10,1053,3.0,128,1
s28-qac/13/qac_L13_9.npz,991,-55988.0,-56484.0,-0.885904122311924,classical_better,successive_r10,1050,3.0,128,1
s28-qac/13/qac_L13_90.npz,991,-59416.0,-59680.0,-0.44432476100713614,classical_better,successive_r15,1093,3.0,128,1
s28-qac/13/qac_L13_91.npz,991,-55520.0,-56460.0,-1.6930835734870318,classical_better,successive_r10,1062,3.0,128,1
s28-qac/13/qac_L13_92.npz,991,-55052.0,-55788.0,-1.3369178231490226,classical_better,successive_r10,1019,3.0,128,1
s28-qac/13/qac_L13_93.npz,991,-56208.0,-56796.0,-1.0461144321093083,classical_better,successive_r10,1042,3.0,128,1
s28-qac/13/qac_L13_94.npz,991,-55768.0,-56460.0,-1.2408549705924545,classical_better,successive_r10,1049,3.0,128,1
s28-qac/13/qac_L13_95.npz,991,-54888.0,-55616.0,-1.3263372686197348,classical_better,successive_r10,1059,3.0,128,1
s28-qac/13/qac_L13_96.npz,991,-58444.0,-58836.0,-0.6707275340496885,classical_better,successive_r15,1067,3.0,128,1
s28-qac/13/qac_L13_97.npz,991,-57204.0,-57996.0,-1.3845185651353051,classical_better,successive_r10,1051,3.0,128,1
s28-qac/13/qac_L13_98.npz,991,-59188.0,-60268.0,-1.82469419476921,classical_better,successive_r10,1055,3.0,128,1
s28-qac/13/qac_L13_99.npz,991,-55660.0,-56304.0,-1.1570247933884297,classical_better,successive_r15,1092,3.0,128,1
s28-qac/14/qac_L14_0.npz,1151,-65796.0,-66492.0,-1.0578150647455773,classical_better,successive_r10,1045,3.0,128,1
s28-qac/14/qac_L14_1.npz,1151,-60064.0,-61508.0,-2.4041022908897176,classical_better,successive_r15,1110,3.0,128,1
s28-qac/14/qac_L14_10.npz,1151,-63628.0,-64312.0,-1.0749984283648708,classical_better,successive_r10,1024,3.0,128,1
s28-qac/14/qac_L14_100.npz,1151,-67672.0,-68924.0,-1.8501004846908617,classical_better,successive_r10,1043,3.0,128,1
s28-qac/14/qac_L14_101.npz,1151,-65688.0,-67156.0,-2.2348069662647667,classical_better,successive_r15,1074,3.0,128,1
s28-qac/14/qac_L14_102.npz,1151,-66236.0,-67224.0,-1.491635968355577,classical_better,successive_r10,1017,3.0,128,1
s28-qac/14/qac_L14_103.npz,1151,-59976.0,-60868.0,-1.4872615712951847,classical_better,successive_r10,1012,3.0,128,1
s28-qac/14/qac_L14_104.npz,1151,-63428.0,-64192.0,-1.2045153559941981,classical_better,successive_r10,1037,3.0,128,1
s28-qac/14/qac_L14_105.npz,1151,-69464.0,-70808.0,-1.9348151560520557,classical_better,successive_r10,1034,3.0,128,1
s28-qac/14/qac_L14_106.npz,1151,-66292.0,-67020.0,-1.098171725095034,classical_better,successive_r10,1002,3.0,128,1
s28-qac/14/qac_L14_107.npz,1151,-65100.0,-66176.0,-1.65284178187404,classical_better,successive_r10,1046,3.0,128,1
s28-qac/14/qac_L14_108.npz,1151,-67000.0,-68044.0,-1.5582089552238807,classical_better,successive_r15,1111,3.0,128,1
s28-qac/14/qac_L14_109.npz,1151,-60680.0,-62104.0,-2.3467369808833225,classical_better,successive_r10,1035,3.0,128,1
s28-qac/14/qac_L14_11.npz,1151,-65956.0,-66160.0,-0.30929710716235065,classical_better,successive_r10,1029,3.0,128,1
s28-qac/14/qac_L14_110.npz,1151,-60148.0,-61660.0,-2.5137992950721553,classical_better,successive_r15,1080,3.0,128,1
s28-qac/14/qac_L14_111.npz,1151,-62872.0,-64244.0,-2.182211477287187,classical_better,successive_r10,1015,3.0,128,1
s28-qac/14/qac_L14_112.npz,1151,-68492.0,-68864.0,-0.5431291245692927,classical_better,successive_r10,1055,3.0,128,1
s28-qac/14/qac_L14_113.npz,1151,-60164.0,-61564.0,-2.3269729406289477,classical_better,successive_r10,1058,3.0,128,1
s28-qac/14/qac_L14_114.npz,1151,-71288.0,-71536.0,-0.3478846369655482,classical_better,successive_r10,1004,3.0,128,1
s28-qac/14/qac_L14_115.npz,1151,-61496.0,-62136.0,-1.0407180954858852,classical_better,successive_r15,1090,3.0,128,1
s28-qac/14/qac_L14_116.npz,1151,-64212.0,-65600.0,-2.161589734006105,classical_better,successive_r10,1056,3.0,128,1
s28-qac/14/qac_L14_117.npz,1151,-66008.0,-66536.0,-0.7999030420555084,classical_better,successive_r10,1022,3.0,128,1
s28-qac/14/qac_L14_118.npz,1151,-66924.0,-67612.0,-1.0280317972625665,classical_better,successive_r10,1011,3.0,128,1
s28-qac/14/qac_L14_119.npz,1151,-62080.0,-62752.0,-1.0824742268041236,classical_better,successive_r10,1008,3.0,128,1
s28-qac/14/qac_L14_12.npz,1151,-64724.0,-65168.0,-0.685989741054323,classical_better,successive_r10,1011,3.0,128,1
s28-qac/14/qac_L14_120.npz,1151,-64376.0,-64832.0,-0.7083385112464272,classical_better,successive_r10,1053,3.0,128,1
s28-qac/14/qac_L14_121.npz,1151,-64648.0,-65128.0,-0.7424823660438065,classical_better,successive_r15,1102,3.0,128,1
s28-qac/14/qac_L14_122.npz,1151,-63260.0,-63796.0,-0.8472968700600696,classical_better,successive_r10,1022,3.0,128,1
s28-qac/14/qac_L14_123.npz,1151,-63744.0,-64924.0,-1.8511546184738956,classical_better,successive_r10,1029,3.0,128,1
s28-qac/14/qac_L14_124.npz,1151,-65948.0,-66536.0,-0.8916115727542913,classical_better,successive_r10,1001,3.0,128,1
s28-qac/14/qac_L14_125.npz,1151,-64572.0,-65816.0,-1.9265316236139503,classical_better,successive_r10,1022,3.0,128,1
s28-qac/14/qac_L14_13.npz,1151,-67664.0,-68508.0,-1.2473397966422322,classical_better,successive_r10,1013,3.0,128,1
s28-qac/14/qac_L14_14.npz,1151,-63104.0,-63872.0,-1.2170385395537526,classical_better,successive_r15,1073,3.0,128,1
s28-qac/14/qac_L14_15.npz,1151,-64760.0,-65244.0,-0.7473749227918468,classical_better,successive_r15,1096,3.0,128,1
s28-qac/14/qac_L14_16.npz,1151,-64092.0,-64492.0,-0.6241028521500344,classical_better,successive_r10,1013,3.0,128,1
s28-qac/14/qac_L14_17.npz,1151,-67148.0,-67552.0,-0.601656043366891,classical_better,successive_r10,1061,3.0,128,1
s28-qac/14/qac_L14_18.npz,1151,-60904.0,-62792.0,-3.099960593721266,classical_better,successive_r10,1050,3.0,128,1
s28-qac/14/qac_L14_19.npz,1151,-60104.0,-61748.0,-2.7352588846000265,classical_better,successive_r10,1018,3.0,128,1
s28-qac/14/qac_L14_2.npz,1151,-64832.0,-65572.0,-1.141411648568608,classical_better,successive_r10,1012,3.0,128,1
s28-qac/14/qac_L14_20.npz,1151,-68216.0,-69192.0,-1.4307493843086665,classical_better,successive_r10,1016,3.0,128,1
s28-qac/14/qac_L14_21.npz,1151,-61280.0,-61564.0,-0.46344647519582244,classical_better,successive_r15,1087,3.0,128,1
s28-qac/14/qac_L14_22.npz,1151,-61792.0,-62560.0,-1.2428793371310203,classical_better,successive_r10,1036,3.0,128,1
s28-qac/14/qac_L14_23.npz,1151,-68268.0,-68872.0,-0.8847483447588914,classical_better,successive_r10,1040,3.0,128,1
s28-qac/14/qac_L14_24.npz,1151,-61956.0,-62236.0,-0.4519336303182904,classical_better,successive_r10,1019,3.0,128,1
s28-qac/14/qac_L14_25.npz,1151,-65132.0,-66520.0,-2.131056930541055,classical_better,successive_r10,1005,3.0,128,1
s28-qac/14/qac_L14_26.npz,1151,-66128.0,-66956.0,-1.2521171062182435,classical_better,successive_r10,1025,3.0,128,1
s28-qac/14/qac_L14_27.npz,1151,-68344.0,-69508.0,-1.703148776776308,classical_better,successive_r10,1040,3.0,128,1
s28-qac/14/qac_L14_28.npz,1151,-64312.0,-65564.0,-1.946759547207364,classical_better,successive_r10,1009,3.0,128,1
s28-qac/14/qac_L14_29.npz,1151,-59300.0,-60412.0,-1.8752107925801011,classical_better,successive_r10,1018,3.0,128,1
s28-qac/14/qac_L14_3.npz,1151,-63216.0,-65360.0,-3.3915464439382434,classical_better,successive_r15,1066,3.0,128,1
s28-qac/14/qac_L14_30.npz,1151,-64272.0,-65644.0,-2.1346776201145135,classical_better,successive_r10,1036,3.0,128,1
s28-qac/14/qac_L14_31.npz,1151,-64224.0,-65380.0,-1.7999501743896362,classical_better,successive_r15,1102,3.0,128,1
s28-qac/14/qac_L14_32.npz,1151,-63628.0,-64664.0,-1.6282139938391902,classical_better,successive_r10,1061,3.0,128,1
s28-qac/14/qac_L14_33.npz,1151,-63756.0,-64592.0,-1.311249137336094,classical_better,successive_r10,1009,3.0,128,1
s28-qac/14/qac_L14_34.npz,1151,-63860.0,-65148.0,-2.0169119949890386,classical_better,successive_r10,1061,3.0,128,1
s28-qac/14/qac_L14_35.npz,1151,-66444.0,-67688.0,-1.8722533261092047,classical_better,successive_r10,1015,3.0,128,1
s28-qac/14/qac_L14_36.npz,1151,-63320.0,-64480.0,-1.831964624131396,classical_better,successive_r10,1021,3.0,128,1
s28-qac/14/qac_L14_37.npz,1151,-61992.0,-62880.0,-1.43244289585753,classical_better,successive_r15,1068,3.0,128,1
s28-qac/14/qac_L14_38.npz,1151,-62004.0,-62320.0,-0.509644539061996,classical_better,successive_r15,1082,3.0,128,1
s28-qac/14/qac_L14_39.npz,1151,-62600.0,-63588.0,-1.5782747603833867,classical_better,successive_r10,1052,3.0,128,1
s28-qac/14/qac_L14_4.npz,1151,-64692.0,-65520.0,-1.279910962715637,classical_better,successive_r15,1077,3.0,128,1
s28-qac/14/qac_L14_40.npz,1151,-66804.0,-67616.0,-1.2154960780791568,classical_better,successive_r10,1034,3.0,128,1
s28-qac/14/qac_L14_41.npz,1151,-64172.0,-65960.0,-2.7862619210870783,classical_better,successive_r10,1014,3.0,128,1
s28-qac/14/qac_L14_42.npz,1151,-62060.0,-62760.0,-1.1279407025459234,classical_better,successive_r10,1017,3.0,128,1
s28-qac/14/qac_L14_43.npz,1151,-60956.0,-62020.0,-1.7455213596692696,classical_better,successive_r10,1050,3.0,128,1
s28-qac/14/qac_L14_44.npz,1151,-66568.0,-66896.0,-0.4927292392741257,classical_better,successive_r10,1024,3.0,128,1
s28-qac/14/qac_L14_45.npz,1151,-63948.0,-64640.0,-1.0821292299993746,classical_better,successive_r10,1023,3.0,128,1
s28-qac/14/qac_L14_46.npz,1151,-62028.0,-63412.0,-2.2312504030437865,classical_better,successive_r10,1006,3.0,128,1
s28-qac/14/qac_L14_47.npz,1151,-68092.0,-68872.0,-1.1455090172120073,classical_better,successive_r10,1006,3.0,128,1
s28-qac/14/qac_L14_48.npz,1151,-62880.0,-64444.0,-2.4872773536895676,classical_better,successive_r10,1041,3.0,128,1
s28-qac/14/qac_L14_49.npz,1151,-66000.0,-66220.0,-0.3333333333333333,classical_better,successive_r15,1097,3.0,128,1
s28-qac/14/qac_L14_5.npz,1151,-64688.0,-65496.0,-1.2490724709374228,classical_better,successive_r10,1002,3.0,128,1
s28-qac/14/qac_L14_50.npz,1151,-67880.0,-68620.0,-1.090159104301709,classical_better,successive_r10,1034,3.0,128,1
s28-qac/14/qac_L14_51.npz,1151,-63420.0,-64128.0,-1.1163670766319773,classical_better,successive_r10,1013,3.0,128,1
s28-qac/14/qac_L14_52.npz,1151,-64316.0,-65096.0,-1.2127619876858013,classical_better,successive_r10,1031,3.0,128,1
s28-qac/14/qac_L14_53.npz,1151,-66092.0,-67200.0,-1.6764510076862555,classical_better,successive_r10,1008,3.0,128,1
s28-qac/14/qac_L14_54.npz,1151,-65060.0,-66728.0,-2.5637872732861973,classical_better,successive_r10,1019,3.0,128,1
s28-qac/14/qac_L14_55.npz,1151,-64916.0,-66320.0,-2.162794996611005,classical_better,successive_r10,1029,3.0,128,1
s28-qac/14/qac_L14_56.npz,1151,-64544.0,-65464.0,-1.4253842340109073,classical_better,successive_r10,1062,3.0,128,1
s28-qac/14/qac_L14_57.npz,1151,-61628.0,-62480.0,-1.3824884792626728,classical_better,successive_r10,1025,3.0,128,1
s28-qac/14/qac_L14_58.npz,1151,-62664.0,-63844.0,-1.8830588535682369,classical_better,successive_r10,1027,3.0,128,1
s28-qac/14/qac_L14_59.npz,1151,-64216.0,-64600.0,-0.5979818113865704,classical_better,successive_r10,1061,3.0,128,1
s28-qac/14/qac_L14_6.npz,1151,-64832.0,-65464.0,-0.9748272458045409,classical_better,successive_r10,1024,3.0,128,1
s28-qac/14/qac_L14_60.npz,1151,-64092.0,-65396.0,-2.034575298009112,classical_better,successive_r10,1002,3.0,128,1
s28-qac/14/qac_L14_61.npz,1151,-67204.0,-68596.0,-2.071305279447652,classical_better,successive_r10,1041,3.0,128,1
s28-qac/14/qac_L14_62.npz,1151,-65032.0,-65756.0,-1.1132980686431295,classical_better,successive_r10,1020,3.0,128,1
s28-qac/14/qac_L14_63.npz,1151,-64820.0,-65188.0,-0.5677260104905894,classical_better,successive_r10,1011,3.0,128,1
s28-qac/14/qac_L14_64.npz,1151,-64260.0,-65008.0,-1.164021164021164,classical_better,successive_r10,1022,3.0,128,1
s28-qac/14/qac_L14_65.npz,1151,-63512.0,-63824.0,-0.4912457488348658,classical_better,successive_r10,1040,3.0,128,1
s28-qac/14/qac_L14_66.npz,1151,-61708.0,-62388.0,-1.1019640889349842,classical_better,successive_r10,1036,3.0,128,1
s28-qac/14/qac_L14_67.npz,1151,-68088.0,-69104.0,-1.492186582070262,classical_better,successive_r10,1054,3.0,128,1
s28-qac/14/qac_L14_68.npz,1151,-64024.0,-64260.0,-0.36861177058603023,classical_better,successive_r10,1001,3.0,128,1
s28-qac/14/qac_L14_69.npz,1151,-64380.0,-65200.0,-1.2736874805840324,classical_better,successive_r10,1049,3.0,128,1
s28-qac/14/qac_L14_7.npz,1151,-63948.0,-65296.0,-2.1079627197097643,classical_better,successive_r10,1001,3.0,128,1
s28-qac/14/qac_L14_70.npz,1151,-64968.0,-65960.0,-1.5269055535032632,classical_better,successive_r10,1025,3.0,128,1
s28-qac/14/qac_L14_71.npz,1151,-66316.0,-67428.0,-1.676820073587068,classical_better,successive_r10,1010,3.0,128,1
s28-qac/14/qac_L14_72.npz,1151,-64600.0,-65536.0,-1.4489164086687307,classical_better,successive_r10,1054,3.0,128,1
s28-qac/14/qac_L14_73.npz,1151,-63044.0,-63748.0,-1.1166804136793351,classical_better,successive_r10,1024,3.0,128,1
s28-qac/14/qac_L14_74.npz,1151,-65124.0,-66548.0,-2.1865978748234136,classical_better,successive_r10,1012,3.0,128,1
s28-qac/14/qac_L14_75.npz,1151,-68600.0,-69664.0,-1.5510204081632653,classical_better,successive_r10,1050,3.0,128,1
s28-qac/14/qac_L14_76.npz,1151,-61988.0,-62448.0,-0.7420791120862102,classical_better,successive_r10,1038,3.0,128,1
s28-qac/14/qac_L14_77.npz,1151,-65572.0,-66816.0,-1.8971512230830232,classical_better,successive_r10,1004,3.0,128,1
s28-qac/14/qac_L14_78.npz,1151,-67552.0,-68140.0,-0.8704405495026054,classical_better,successive_r10,1060,3.0,128,1
s28-qac/14/qac_L14_79.npz,1151,-65840.0,-66252.0,-0.6257594167679222,classical_better,successive_r10,1025,3.0,128,1
s28-qac/14/qac_L14_8.npz,1151,-67036.0,-68084.0,-1.563339101378364,classical_better,successive_r10,1061,3.0,128,1
s28-qac/14/qac_L14_80.npz,1151,-62976.0,-64616.0,-2.6041666666666665,classical_better,successive_r15,1068,3.0,128,1
s28-qac/14/qac_L14_81.npz,1151,-65428.0,-66464.0,-1.5834199425322493,classical_better,successive_r10,1057,3.0,128,1
s28-qac/14/qac_L14_82.npz,1151,-62532.0,-63424.0,-1.4264696475404592,classical_better,successive_r10,1036,3.0,128,1
s28-qac/14/qac_L14_83.npz,1151,-66444.0,-66732.0,-0.4334477153693336,classical_better,successive_r15,1089,3.0,128,1
s28-qac/14/qac_L14_84.npz,1151,-64876.0,-65324.0,-0.6905481225722918,classical_better,successive_r10,1037,3.0,128,1
s28-qac/14/qac_L14_85.npz,1151,-63468.0,-64244.0,-1.222663389424592,classical_better,successive_r10,1052,3.0,128,1
s28-qac/14/qac_L14_86.npz,1151,-61828.0,-62932.0,-1.7855987578443424,classical_better,successive_r10,1053,3.0,128,1
s28-qac/14/qac_L14_87.npz,1151,-64524.0,-65540.0,-1.574607897836464,classical_better,successive_r10,1034,3.0,128,1
s28-qac/14/qac_L14_88.npz,1151,-65648.0,-66600.0,-1.450158420667804,classical_better,successive_r15,1075,3.0,128,1
s28-qac/14/qac_L14_89.npz,1151,-63080.0,-64412.0,-2.1116043119847814,classical_better,successive_r10,1019,3.0,128,1
s28-qac/14/qac_L14_9.npz,1151,-64608.0,-65868.0,-1.950222882615156,classical_better,successive_r10,1007,3.0,128,1
s28-qac/14/qac_L14_90.npz,1151,-63508.0,-64332.0,-1.2974743339421806,classical_better,successive_r10,1038,3.0,128,1
s28-qac/14/qac_L14_91.npz,1151,-67100.0,-67372.0,-0.40536512667660207,classical_better,successive_r10,1015,3.0,128,1
s28-qac/14/qac_L14_92.npz,1151,-63800.0,-65264.0,-2.2946708463949843,classical_better,successive_r10,1038,3.0,128,1
s28-qac/14/qac_L14_93.npz,1151,-63312.0,-64132.0,-1.2951731109426332,classical_better,successive_r15,1076,3.0,128,1
s28-qac/14/qac_L14_94.npz,1151,-67420.0,-68516.0,-1.6256303767428062,classical_better,successive_r10,1019,3.0,128,1
s28-qac/14/qac_L14_95.npz,1151,-67364.0,-67840.0,-0.706608871207173,classical_better,successive_r10,1057,3.0,128,1
s28-qac/14/qac_L14_96.npz,1151,-64024.0,-64972.0,-1.4806947394726977,classical_better,successive_r15,1106,3.0,128,1
s28-qac/14/qac_L14_97.npz,1151,-61280.0,-62144.0,-1.4099216710182767,classical_better,successive_r10,1003,3.0,128,1
s28-qac/14/qac_L14_98.npz,1151,-63308.0,-64776.0,-2.3188222657484046,classical_better,successive_r15,1092,3.0,128,1
s28-qac/14/qac_L14_99.npz,1151,-64188.0,-64840.0,-1.015766186826198,classical_better,successive_r10,1056,3.0,128,1
s28-qac/15/qac_L15_0.npz,1322,-74752.0,-75468.0,-0.957833904109589,classical_better,successive_r10,1029,3.0,128,1
s28-qac/15/qac_L15_1.npz,1322,-70060.0,-70912.0,-1.2161004852983157,classical_better,successive_r10,1013,3.0,128,1
s28-qac/15/qac_L15_10.npz,1322,-73984.0,-75352.0,-1.8490484429065743,classical_better,successive_r10,1004,3.0,128,1
s28-qac/15/qac_L15_100.npz,1322,-72188.0,-73496.0,-1.8119355017454424,classical_better,successive_r10,1053,3.0,128,1
s28-qac/15/qac_L15_101.npz,1322,-75796.0,-77144.0,-1.778457966119584,classical_better,successive_r15,1078,3.0,128,1
s28-qac/15/qac_L15_102.npz,1322,-76380.0,-76960.0,-0.7593610892903901,classical_better,successive_r10,1037,3.0,128,1
s28-qac/15/qac_L15_103.npz,1322,-71308.0,-72488.0,-1.6547932910753351,classical_better,successive_r10,1001,3.0,128,1
s28-qac/15/qac_L15_104.npz,1322,-73812.0,-75292.0,-2.0050940226521434,classical_better,successive_r10,1003,3.0,128,1
s28-qac/15/qac_L15_105.npz,1322,-75960.0,-76364.0,-0.5318588730911006,classical_better,successive_r15,1102,3.0,128,1
s28-qac/15/qac_L15_106.npz,1322,-74080.0,-75496.0,-1.9114470842332614,classical_better,successive_r10,1060,3.0,128,1
s28-qac/15/qac_L15_107.npz,1322,-72060.0,-72836.0,-1.0768803774632252,classical_better,successive_r15,1082,3.0,128,1
s28-qac/15/qac_L15_108.npz,1322,-72304.0,-72848.0,-0.7523788448771852,classical_better,successive_r10,1040,3.0,128,1
s28-qac/15/qac_L15_109.npz,1322,-75224.0,-76752.0,-2.0312666170371156,classical_better,successive_r10,1050,3.0,128,1
s28-qac/15/qac_L15_11.npz,1322,-74280.0,-74804.0,-0.7054388799138396,classical_better,successive_r10,1031,3.0,128,1
s28-qac/15/qac_L15_111.npz,1322,-73680.0,-74952.0,-1.726384364820847,classical_better,successive_r10,1008,3.0,128,1
s28-qac/15/qac_L15_112.npz,1322,-67896.0,-69000.0,-1.6260162601626016,classical_better,successive_r10,1058,3.0,128,1
s28-qac/15/qac_L15_113.npz,1322,-76780.0,-78076.0,-1.687939567595728,classical_better,successive_r10,1001,3.0,128,1
s28-qac/15/qac_L15_115.npz,1322,-71388.0,-72120.0,-1.025382417212977,classical_better,successive_r10,1046,3.0,128,1
s28-qac/15/qac_L15_116.npz,1322,-73272.0,-73800.0,-0.7206026858827382,classical_better,successive_r10,1019,3.0,128,1
s28-qac/15/qac_L15_117.npz,1322,-75312.0,-76116.0,-1.0675589547482474,classical_better,successive_r10,1062,3.0,128,1
s28-qac/15/qac_L15_118.npz,1322,-74376.0,-75504.0,-1.5166182639561148,classical_better,successive_r10,1051,3.0,128,1
s28-qac/15/qac_L15_119.npz,1322,-73116.0,-74356.0,-1.6959352262158762,classical_better,successive_r10,1030,3.0,128,1
s28-qac/15/qac_L15_12.npz,1322,-74948.0,-75596.0,-0.864599455622565,classical_better,successive_r15,1096,3.0,128,1
s28-qac/15/qac_L15_120.npz,1322,-75596.0,-76204.0,-0.8042753584845759,classical_better,successive_r10,1062,3.0,128,1
s28-qac/15/qac_L15_121.npz,1322,-76292.0,-76840.0,-0.7182928747444031,classical_better,successive_r10,1002,3.0,128,1
s28-qac/15/qac_L15_122.npz,1322,-73564.0,-75688.0,-2.8872818226306345,classical_better,successive_r10,1061,3.0,128,1
s28-qac/15/qac_L15_123.npz,1322,-74684.0,-75592.0,-1.2157891917947619,classical_better,successive_r10,1060,3.0,128,1
s28-qac/15/qac_L15_124.npz,1322,-69572.0,-70524.0,-1.3683665842580348,classical_better,successive_r10,1056,3.0,128,1
s28-qac/15/qac_L15_125.npz,1322,-75148.0,-75400.0,-0.335338265822111,classical_better,successive_r10,1015,3.0,128,1
s28-qac/15/qac_L15_13.npz,1322,-75216.0,-76376.0,-1.5422250584981918,classical_better,successive_r10,1013,3.0,128,1
s28-qac/15/qac_L15_14.npz,1322,-74708.0,-76068.0,-1.8204208384644214,classical_better,successive_r10,1030,3.0,128,1
s28-qac/15/qac_L15_15.npz,1322,-74304.0,-75564.0,-1.695736434108527,classical_better,successive_r15,1109,3.0,128,1
s28-qac/15/qac_L15_16.npz,1322,-73404.0,-74772.0,-1.8636586562040216,classical_better,successive_r10,1055,3.0,128,1
s28-qac/15/qac_L15_17.npz,1322,-75148.0,-75828.0,-0.9048810347580774,classical_better,successive_r10,1007,3.0,128,1
s28-qac/15/qac_L15_18.npz,1322,-74956.0,-76380.0,-1.8997812049735845,classical_better,successive_r10,1049,3.0,128,1
s28-qac/15/qac_L15_19.npz,1322,-75492.0,-75896.0,-0.5351560430244264,classical_better,successive_r10,1062,3.0,128,1
s28-qac/15/qac_L15_2.npz,1322,-73536.0,-74304.0,-1.0443864229765014,classical_better,successive_r10,1054,3.0,128,1
s28-qac/15/qac_L15_20.npz,1322,-75592.0,-77724.0,-2.820404275584718,classical_better,successive_r10,1059,3.0,128,1
s28-qac/15/qac_L15_21.npz,1322,-69332.0,-70248.0,-1.3211792534471816,classical_better,successive_r10,1034,3.0,128,1
s28-qac/15/qac_L15_22.npz,1322,-76648.0,-77340.0,-0.9028285147688133,classical_better,successive_r10,1020,3.0,128,1
s28-qac/15/qac_L15_23.npz,1322,-75080.0,-75928.0,-1.1294619072988812,classical_better,successive_r10,1018,3.0,128,1
s28-qac/15/qac_L15_24.npz,1322,-80604.0,-81200.0,-0.739417398640266,classical_better,successive_r10,1034,3.0,128,1
s28-qac/15/qac_L15_26.npz,1322,-76508.0,-77216.0,-0.9253934229100225,classical_better,successive_r10,1043,3.0,128,1
s28-qac/15/qac_L15_27.npz,1322,-71872.0,-73112.0,-1.7252894033837933,classical_better,successive_r10,1062,3.0,128,1
s28-qac/15/qac_L15_29.npz,1322,-75328.0,-76536.0,-1.6036533559898045,classical_better,successive_r10,1055,3.0,128,1
s28-qac/15/qac_L15_3.npz,1322,-74644.0,-75720.0,-1.4415090295268207,classical_better,successive_r10,1027,3.0,128,1
s28-qac/15/qac_L15_30.npz,1322,-77980.0,-78368.0,-0.4975634778148243,classical_better,successive_r10,1049,3.0,128,1
s28-qac/15/qac_L15_31.npz,1322,-78172.0,-79292.0,-1.4327380647802281,classical_better,successive_r10,1004,3.0,128,1
s28-qac/15/qac_L15_32.npz,1322,-74004.0,-75216.0,-1.6377493108480623,classical_better,successive_r10,1053,3.0,128,1
s28-qac/15/qac_L15_33.npz,1322,-75300.0,-75668.0,-0.48871181938911024,classical_better,successive_r10,1053,3.0,128,1
s28-qac/15/qac_L15_34.npz,1322,-71596.0,-72388.0,-1.106207050673222,classical_better,successive_r10,1007,3.0,128,1
s28-qac/15/qac_L15_35.npz,1322,-73136.0,-73624.0,-0.6672500546926274,classical_better,successive_r10,1059,3.0,128,1
s28-qac/15/qac_L15_36.npz,1322,-76964.0,-77836.0,-1.1329972454654125,classical_better,successive_r10,1044,3.0,128,1
s28-qac/15/qac_L15_37.npz,1322,-69680.0,-70916.0,-1.7738231917336396,classical_better,successive_r10,1023,3.0,128,1
s28-qac/15/qac_L15_38.npz,1322,-72916.0,-73820.0,-1.2397827637281256,classical_better,successive_r10,1020,3.0,128,1
s28-qac/15/qac_L15_39.npz,1322,-78624.0,-79548.0,-1.1752136752136753,classical_better,successive_r10,1026,3.0,128,1
s28-qac/15/qac_L15_4.npz,1322,-77364.0,-77768.0,-0.5222067111317925,classical_better,successive_r10,1029,3.0,128,1
s28-qac/15/qac_L15_40.npz,1322,-75612.0,-76148.0,-0.7088821880124848,classical_better,successive_r15,1111,3.0,128,1
s28-qac/15/qac_L15_41.npz,1322,-72068.0,-73420.0,-1.8760059943386802,classical_better,successive_r10,1038,3.0,128,1
s28-qac/15/qac_L15_42.npz,1322,-77752.0,-78692.0,-1.2089721164728882,classical_better,successive_r10,1019,3.0,128,1
s28-qac/15/qac_L15_43.npz,1322,-74888.0,-75456.0,-0.7584659758572802,classical_better,successive_r10,1041,3.0,128,1
s28-qac/15/qac_L15_44.npz,1322,-75760.0,-76976.0,-1.6050686378035903,classical_better,successive_r10,1038,3.0,128,1
s28-qac/15/qac_L15_45.npz,1322,-69900.0,-70848.0,-1.3562231759656653,classical_better,successive_r10,1031,3.0,128,1
s28-qac/15/qac_L15_46.npz,1322,-72176.0,-73608.0,-1.984039015739304,classical_better,successive_r10,1029,3.0,128,1
s28-qac/15/qac_L15_48.npz,1322,-73844.0,-74760.0,-1.2404528465413573,classical_better,successive_r10,1051,3.0,128,1
s28-qac/15/qac_L15_49.npz,1322,-76032.0,-77332.0,-1.7098063973063973,classical_better,successive_r10,1040,3.0,128,1
s28-qac/15/qac_L15_5.npz,1322,-72828.0,-73376.0,-0.7524578458834514,classical_better,successive_r10,1001,3.0,128,1
s28-qac/15/qac_L15_51.npz,1322,-72016.0,-72708.0,-0.9608975783159298,classical_better,successive_r10,1006,3.0,128,1
s28-qac/15/qac_L15_52.npz,1322,-71956.0,-72488.0,-0.7393407082105732,classical_better,successive_r10,1036,3.0,128,1
s28-qac/15/qac_L15_53.npz,1322,-78012.0,-78360.0,-0.4460852176588217,classical_better,successive_r10,1005,3.0,128,1
s28-qac/15/qac_L15_54.npz,1322,-77068.0,-77224.0,-0.2024186432760679,classical_better,successive_r10,101046,3.0,256,2
s28-qac/15/qac_L15_55.npz,1322,-72632.0,-74324.0,-2.329551712743694,classical_better,successive_r10,1061,3.0,128,1
s28-qac/15/qac_L15_57.npz,1322,-72536.0,-73704.0,-1.6102349178339033,classical_better,successive_r10,1059,3.0,128,1
s28-qac/15/qac_L15_58.npz,1322,-75864.0,-76200.0,-0.44289781714647264,classical_better,successive_r10,1029,3.0,128,1
s28-qac/15/qac_L15_59.npz,1322,-72096.0,-73100.0,-1.3925876608965824,classical_better,successive_r10,1003,3.0,128,1
s28-qac/15/qac_L15_6.npz,1322,-77672.0,-78308.0,-0.8188278916469255,classical_better,successive_r10,1021,3.0,128,1
s28-qac/15/qac_L15_60.npz,1322,-76212.0,-77564.0,-1.7739988453261955,classical_better,successive_r10,1013,3.0,128,1
s28-qac/15/qac_L15_61.npz,1322,-74304.0,-75580.0,-1.717269595176572,classical_better,successive_r10,1019,3.0,128,1
s28-qac/15/qac_L15_62.npz,1322,-74084.0,-74696.0,-0.8260893040332595,classical_better,successive_r10,1021,3.0,128,1
s28-qac/15/qac_L15_63.npz,1322,-75324.0,-76248.0,-1.2267006531782698,classical_better,successive_r10,1051,3.0,128,1
s28-qac/15/qac_L15_64.npz,1322,-76768.0,-78392.0,-2.1154647769904127,classical_better,successive_r10,1010,3.0,128,1
s28-qac/15/qac_L15_65.npz,1322,-71020.0,-72072.0,-1.4812728808786257,classical_better,successive_r10,1043,3.0,128,1
s28-qac/15/qac_L15_66.npz,1322,-73944.0,-75032.0,-1.4713837498647626,classical_better,successive_r10,1008,3.0,128,1
s28-qac/15/qac_L15_67.npz,1322,-70892.0,-71548.0,-0.9253512385036393,classical_better,successive_r10,1002,3.0,128,1
s28-qac/15/qac_L15_68.npz,1322,-74952.0,-75584.0,-0.8432063187106414,classical_better,successive_r10,1040,3.0,128,1
s28-qac/15/qac_L15_69.npz,1322,-73468.0,-74496.0,-1.3992486524745467,classical_better,successive_r10,1004,3.0,128,1
s28-qac/15/qac_L15_7.npz,1322,-74280.0,-74828.0,-0.7377490576198169,classical_better,successive_r10,1019,3.0,128,1
s28-qac/15/qac_L15_70.npz,1322,-70468.0,-70724.0,-0.36328546290514846,classical_better,successive_r10,1016,3.0,128,1
s28-qac/15/qac_L15_71.npz,1322,-75536.0,-76744.0,-1.5992374496928616,classical_better,successive_r10,1031,3.0,128,1
s28-qac/15/qac_L15_72.npz,1322,-78092.0,-78292.0,-0.25610818009527225,classical_better,successive_r10,1057,3.0,128,1
s28-qac/15/qac_L15_73.npz,1322,-76944.0,-77452.0,-0.6602204200457475,classical_better,successive_r10,1018,3.0,128,1
s28-qac/15/qac_L15_74.npz,1322,-73116.0,-74464.0,-1.8436457136604847,classical_better,successive_r10,1034,3.0,128,1
s28-qac/15/qac_L15_75.npz,1322,-75228.0,-75268.0,-0.05317169139150316,classical_better,successive_r15,1070,3.0,128,1
s28-qac/15/qac_L15_76.npz,1322,-74876.0,-75452.0,-0.7692718628131845,classical_better,successive_r15,1090,3.0,128,1
s28-qac/15/qac_L15_77.npz,1322,-71696.0,-72244.0,-0.7643383173398794,classical_better,successive_r10,1059,3.0,128,1
s28-qac/15/qac_L15_78.npz,1322,-77508.0,-77628.0,-0.15482272797646696,classical_better,successive_r10,101034,3.0,256,2
s28-qac/15/qac_L15_79.npz,1322,-71380.0,-72544.0,-1.630708882039787,classical_better,successive_r10,1059,3.0,128,1
s28-qac/15/qac_L15_8.npz,1322,-74812.0,-76048.0,-1.6521413676950223,classical_better,successive_r10,1016,3.0,128,1
s28-qac/15/qac_L15_80.npz,1322,-74524.0,-75472.0,-1.2720734260104127,classical_better,successive_r10,1053,3.0,128,1
s28-qac/15/qac_L15_81.npz,1322,-75728.0,-76088.0,-0.4753855905345447,classical_better,successive_r10,1055,3.0,128,1
s28-qac/15/qac_L15_82.npz,1322,-71216.0,-72400.0,-1.6625477420804313,classical_better,successive_r10,1053,3.0,128,1
s28-qac/15/qac_L15_83.npz,1322,-71248.0,-71976.0,-1.0217830675948798,classical_better,successive_r10,1060,3.0,128,1
s28-qac/15/qac_L15_84.npz,1322,-72616.0,-73048.0,-0.5949102126253167,classical_better,successive_r10,1044,3.0,128,1
s28-qac/15/qac_L15_85.npz,1322,-71812.0,-72844.0,-1.4370857238344565,classical_better,successive_r10,1014,3.0,128,1
s28-qac/15/qac_L15_86.npz,1322,-71820.0,-72748.0,-1.292119186856029,classical_better,successive_r10,1040,3.0,128,1
s28-qac/15/qac_L15_87.npz,1322,-72508.0,-73616.0,-1.528107243338666,classical_better,successive_r10,1013,3.0,128,1
s28-qac/15/qac_L15_88.npz,1322,-73168.0,-74312.0,-1.5635250382680954,classical_better,successive_r10,1014,3.0,128,1
s28-qac/15/qac_L15_89.npz,1322,-75680.0,-77128.0,-1.9133192389006342,classical_better,successive_r10,1007,3.0,128,1
s28-qac/15/qac_L15_9.npz,1322,-75104.0,-76164.0,-1.4113762249680444,classical_better,successive_r10,1053,3.0,128,1
s28-qac/15/qac_L15_90.npz,1322,-74452.0,-75852.0,-1.8804061677322301,classical_better,successive_r10,1012,3.0,128,1
s28-qac/15/qac_L15_91.npz,1322,-72204.0,-72940.0,-1.0193341089136336,classical_better,successive_r10,1022,3.0,128,1
s28-qac/15/qac_L15_92.npz,1322,-74220.0,-74932.0,-0.9593101589867961,classical_better,successive_r10,1023,3.0,128,1
s28-qac/15/qac_L15_94.npz,1322,-73628.0,-74540.0,-1.2386592057369479,classical_better,successive_r10,1012,3.0,128,1
s28-qac/15/qac_L15_95.npz,1322,-72116.0,-72804.0,-0.9540185257085806,classical_better,successive_r10,1039,3.0,128,1
s28-qac/15/qac_L15_96.npz,1322,-74916.0,-75080.0,-0.21891184793635537,classical_better,successive_r10,1034,3.0,128,1
s28-qac/15/qac_L15_97.npz,1322,-72352.0,-73056.0,-0.9730207872622734,classical_better,successive_r10,1053,3.0,128,1
s28-qac/15/qac_L15_98.npz,1322,-74316.0,-75464.0,-1.5447548307228591,classical_better,successive_r10,1027,3.0,128,1
s28-qac/5/qac_L5_0.npz,142,-7312.0,-7312.0,0.0,equal,successive_r10,1018,3.0,128,1
s28-qac/5/qac_L5_1.npz,142,-6872.0,-6872.0,0.0,equal,successive_r10,1028,3.0,128,1
s28-qac/5/qac_L5_10.npz,142,-7768.0,-7768.0,0.0,equal,collapse_r15,1123,3.0,128,1
s28-qac/5/qac_L5_100.npz,142,-8268.0,-8268.0,0.0,equal,collapse_r15,1123,3.0,128,1
s28-qac/5/qac_L5_101.npz,142,-6200.0,-6200.0,0.0,equal,collapse_r15,1120,3.0,128,1
s28-qac/5/qac_L5_102.npz,142,-8724.0,-8724.0,0.0,equal,successive_r10,1004,3.0,128,1
s28-qac/5/qac_L5_103.npz,142,-7764.0,-7764.0,0.0,equal,successive_r10,1023,3.0,128,1
s28-qac/5/qac_L5_104.npz,142,-7720.0,-7720.0,0.0,equal,successive_r10,1063,3.0,128,1
s28-qac/5/qac_L5_105.npz,142,-7612.0,-7612.0,0.0,equal,collapse_r15,1125,3.0,128,1
s28-qac/5/qac_L5_106.npz,142,-8048.0,-8048.0,0.0,equal,successive_r15,1111,3.0,128,1
s28-qac/5/qac_L5_107.npz,142,-7596.0,-7596.0,0.0,equal,successive_r10,1044,3.0,128,1
s28-qac/5/qac_L5_108.npz,142,-7432.0,-7432.0,0.0,equal,collapse_r15,1123,3.0,128,1
s28-qac/5/qac_L5_109.npz,142,-8052.0,-8052.0,0.0,equal,successive_r10,1021,3.0,128,1
s28-qac/5/qac_L5_11.npz,142,-7908.0,-7908.0,0.0,equal,successive_r10,1025,3.0,128,1
s28-qac/5/qac_L5_110.npz,142,-7396.0,-7396.0,0.0,equal,successive_r10,1006,3.0,128,1
s28-qac/5/qac_L5_111.npz,142,-8548.0,-8548.0,0.0,equal,collapse_r15,1113,3.0,128,1
s28-qac/5/qac_L5_112.npz,142,-7336.0,-7336.0,0.0,equal,collapse_r15,1127,3.0,128,1
s28-qac/5/qac_L5_113.npz,142,-6568.0,-6568.0,0.0,equal,collapse_r15,1120,3.0,128,1
s28-qac/5/qac_L5_114.npz,142,-7740.0,-7740.0,0.0,equal,collapse_r15,1119,3.0,128,1
s28-qac/5/qac_L5_115.npz,142,-7804.0,-7804.0,0.0,equal,collapse_r15,1125,3.0,128,1
s28-qac/5/qac_L5_116.npz,142,-6904.0,-6904.0,0.0,equal,successive_r10,1050,3.0,128,1
s28-qac/5/qac_L5_117.npz,142,-7344.0,-7348.0,-0.054466230936819175,classical_better,collapse_r15,1117,3.0,128,1
s28-qac/5/qac_L5_118.npz,142,-8184.0,-8184.0,0.0,equal,successive_r10,1000,3.0,128,1
s28-qac/5/qac_L5_119.npz,142,-7464.0,-7464.0,0.0,equal,successive_r10,1010,3.0,128,1
s28-qac/5/qac_L5_12.npz,142,-8612.0,-8612.0,0.0,equal,successive_r15,1098,3.0,128,1
s28-qac/5/qac_L5_120.npz,142,-8100.0,-8100.0,0.0,equal,successive_r10,1006,3.0,128,1
s28-qac/5/qac_L5_121.npz,142,-8004.0,-8004.0,0.0,equal,collapse_r15,1121,3.0,128,1
s28-qac/5/qac_L5_122.npz,142,-7232.0,-7232.0,0.0,equal,collapse_r15,1123,3.0,128,1
s28-qac/5/qac_L5_123.npz,142,-8156.0,-8156.0,0.0,equal,successive_r10,1043,3.0,128,1
s28-qac/5/qac_L5_124.npz,142,-7224.0,-7224.0,0.0,equal,successive_r10,1008,3.0,128,1
s28-qac/5/qac_L5_125.npz,142,-7096.0,-7096.0,0.0,equal,collapse_r15,1116,3.0,128,1
s28-qac/5/qac_L5_13.npz,142,-7512.0,-7512.0,0.0,equal,successive_r10,1037,3.0,128,1
s28-qac/5/qac_L5_14.npz,142,-7096.0,-7096.0,0.0,equal,successive_r10,1000,3.0,128,1
s28-qac/5/qac_L5_15.npz,142,-6940.0,-6940.0,0.0,equal,collapse_r15,1122,3.0,128,1
s28-qac/5/qac_L5_16.npz,142,-7236.0,-7236.0,0.0,equal,collapse_r15,1124,3.0,128,1
s28-qac/5/qac_L5_17.npz,142,-8532.0,-8532.0,0.0,equal,successive_r10,1056,3.0,128,1
s28-qac/5/qac_L5_18.npz,142,-8100.0,-8108.0,-0.09876543209876543,classical_better,collapse_r15,1116,3.0,128,1
s28-qac/5/qac_L5_19.npz,142,-7928.0,-7928.0,0.0,equal,collapse_r15,1113,3.0,128,1
s28-qac/5/qac_L5_2.npz,142,-6792.0,-6792.0,0.0,equal,collapse_r15,1126,3.0,128,1
s28-qac/5/qac_L5_20.npz,142,-7916.0,-7916.0,0.0,equal,collapse_r15,1119,3.0,128,1
s28-qac/5/qac_L5_21.npz,142,-6548.0,-6552.0,-0.06108735491753207,classical_better,successive_r10,1051,3.0,128,1
s28-qac/5/qac_L5_22.npz,142,-7076.0,-7076.0,0.0,equal,successive_r10,1041,3.0,128,1
s28-qac/5/qac_L5_23.npz,142,-7520.0,-7520.0,0.0,equal,successive_r10,1022,3.0,128,1
s28-qac/5/qac_L5_24.npz,142,-5992.0,-5992.0,0.0,equal,successive_r10,1001,3.0,128,1
s28-qac/5/qac_L5_25.npz,142,-7468.0,-7468.0,0.0,equal,successive_r10,1046,3.0,128,1
s28-qac/5/qac_L5_26.npz,142,-7964.0,-7964.0,0.0,equal,collapse_r15,1124,3.0,128,1
s28-qac/5/qac_L5_27.npz,142,-8388.0,-8396.0,-0.09537434430138293,classical_better,collapse_r15,1115,3.0,128,1
s28-qac/5/qac_L5_28.npz,142,-8116.0,-8116.0,0.0,equal,successive_r10,1048,3.0,128,1
s28-qac/5/qac_L5_29.npz,142,-7948.0,-7948.0,0.0,equal,successive_r10,1059,3.0,128,1
s28-qac/5/qac_L5_3.npz,142,-8600.0,-8600.0,0.0,equal,successive_r15,1075,3.0,128,1
s28-qac/5/qac_L5_30.npz,142,-7632.0,-7644.0,-0.15723270440251572,classical_better,successive_r10,1017,3.0,128,1
s28-qac/5/qac_L5_31.npz,142,-6936.0,-6940.0,-0.05767012687427912,classical_better,collapse_r15,1123,3.0,128,1
s28-qac/5/qac_L5_32.npz,142,-8276.0,-8288.0,-0.14499758337361043,classical_better,successive_r10,1060,3.0,128,1
s28-qac/5/qac_L5_33.npz,142,-6996.0,-6996.0,0.0,equal,successive_r10,1038,3.0,128,1
s28-qac/5/qac_L5_34.npz,142,-7540.0,-7540.0,0.0,equal,collapse_r15,1119,3.0,128,1
s28-qac/5/qac_L5_35.npz,142,-8644.0,-8644.0,0.0,equal,successive_r15,1108,3.0,128,1
s28-qac/5/qac_L5_36.npz,142,-8056.0,-8056.0,0.0,equal,successive_r10,1028,3.0,128,1
s28-qac/5/qac_L5_37.npz,142,-7200.0,-7200.0,0.0,equal,collapse_r15,1114,3.0,128,1
s28-qac/5/qac_L5_38.npz,142,-8284.0,-8284.0,0.0,equal,collapse_r15,1114,3.0,128,1
s28-qac/5/qac_L5_39.npz,142,-8512.0,-8512.0,0.0,equal,collapse_r15,1114,3.0,128,1
s28-qac/5/qac_L5_4.npz,142,-7288.0,-7288.0,0.0,equal,collapse_r15,1125,3.0,128,1
s28-qac/5/qac_L5_40.npz,142,-7064.0,-7064.0,0.0,equal,collapse_r15,1112,3.0,128,1
s28-qac/5/qac_L5_41.npz,142,-6320.0,-6320.0,0.0,equal,successive_r10,1045,3.0,128,1
s28-qac/5/qac_L5_42.npz,142,-7192.0,-7192.0,0.0,equal,successive_r10,1059,3.0,128,1
s28-qac/5/qac_L5_43.npz,142,-8012.0,-8012.0,0.0,equal,collapse_r15,1125,3.0,128,1
s28-qac/5/qac_L5_44.npz,142,-7008.0,-7008.0,0.0,equal,collapse_r15,1120,3.0,128,1
s28-qac/5/qac_L5_45.npz,142,-8052.0,-8052.0,0.0,equal,successive_r10,1023,3.0,128,1
s28-qac/5/qac_L5_46.npz,142,-7964.0,-7964.0,0.0,equal,successive_r10,1003,3.0,128,1
s28-qac/5/qac_L5_47.npz,142,-7040.0,-7040.0,0.0,equal,successive_r10,1011,3.0,128,1
s28-qac/5/qac_L5_48.npz,142,-7460.0,-7460.0,0.0,equal,collapse_r15,1123,3.0,128,1
s28-qac/5/qac_L5_49.npz,142,-7344.0,-7344.0,0.0,equal,collapse_r15,1125,3.0,128,1
s28-qac/5/qac_L5_5.npz,142,-7024.0,-7024.0,0.0,equal,successive_r10,1052,3.0,128,1
s28-qac/5/qac_L5_50.npz,142,-8344.0,-8344.0,0.0,equal,successive_r10,1034,3.0,128,1
s28-qac/5/qac_L5_51.npz,142,-9720.0,-9720.0,0.0,equal,collapse_r15,1124,3.0,128,1
s28-qac/5/qac_L5_52.npz,142,-7280.0,-7280.0,0.0,equal,successive_r15,1070,3.0,128,1
s28-qac/5/qac_L5_53.npz,142,-7572.0,-7572.0,0.0,equal,collapse_r15,1122,3.0,128,1
s28-qac/5/qac_L5_54.npz,142,-7848.0,-7848.0,0.0,equal,collapse_r15,1122,3.0,128,1
s28-qac/5/qac_L5_55.npz,142,-6876.0,-6876.0,0.0,equal,successive_r10,1042,3.0,128,1
s28-qac/5/qac_L5_56.npz,142,-6732.0,-6732.0,0.0,equal,collapse_r15,1116,3.0,128,1
s28-qac/5/qac_L5_57.npz,142,-6736.0,-6736.0,0.0,equal,collapse_r15,1123,3.0,128,1
s28-qac/5/qac_L5_58.npz,142,-6120.0,-6140.0,-0.32679738562091504,classical_better,collapse_r15,1116,3.0,128,1
s28-qac/5/qac_L5_59.npz,142,-8324.0,-8324.0,0.0,equal,successive_r10,1022,3.0,128,1
s28-qac/5/qac_L5_6.npz,142,-7396.0,-7396.0,0.0,equal,collapse_r15,1120,3.0,128,1
s28-qac/5/qac_L5_60.npz,142,-7440.0,-7440.0,0.0,equal,collapse_r15,1122,3.0,128,1
s28-qac/5/qac_L5_61.npz,142,-7156.0,-7156.0,0.0,equal,successive_r10,1021,3.0,128,1
s28-qac/5/qac_L5_62.npz,142,-7816.0,-7816.0,0.0,equal,successive_r10,1003,3.0,128,1
s28-qac/5/qac_L5_63.npz,142,-7132.0,-7132.0,0.0,equal,collapse_r15,1116,3.0,128,1
s28-qac/5/qac_L5_64.npz,142,-8068.0,-8068.0,0.0,equal,successive_r10,1013,3.0,128,1
s28-qac/5/qac_L5_65.npz,142,-7188.0,-7188.0,0.0,equal,successive_r15,1072,3.0,128,1
s28-qac/5/qac_L5_66.npz,142,-7208.0,-7208.0,0.0,equal,collapse_r15,1114,3.0,128,1
s28-qac/5/qac_L5_67.npz,142,-7640.0,-7640.0,0.0,equal,successive_r10,1016,3.0,128,1
s28-qac/5/qac_L5_68.npz,142,-7864.0,-7864.0,0.0,equal,successive_r10,1037,3.0,128,1
s28-qac/5/qac_L5_69.npz,142,-7436.0,-7436.0,0.0,equal,collapse_r15,1123,3.0,128,1
s28-qac/5/qac_L5_7.npz,142,-7496.0,-7496.0,0.0,equal,successive_r10,1031,3.0,128,1
s28-qac/5/qac_L5_70.npz,142,-7412.0,-7412.0,0.0,equal,collapse_r15,1124,3.0,128,1
s28-qac/5/qac_L5_71.npz,142,-7212.0,-7212.0,0.0,equal,successive_r15,1080,3.0,128,1
s28-qac/5/qac_L5_72.npz,142,-6328.0,-6328.0,0.0,equal,collapse_r15,1119,3.0,128,1
s28-qac/5/qac_L5_73.npz,142,-6980.0,-6980.0,0.0,equal,collapse_r15,1117,3.0,128,1
s28-qac/5/qac_L5_74.npz,142,-6944.0,-6944.0,0.0,equal,successive_r10,1021,3.0,128,1
s28-qac/5/qac_L5_75.npz,142,-8216.0,-8228.0,-0.1460564751703992,classical_better,successive_r10,1000,3.0,128,1
s28-qac/5/qac_L5_76.npz,142,-8004.0,-8004.0,0.0,equal,successive_r10,1061,3.0,128,1
s28-qac/5/qac_L5_77.npz,142,-8584.0,-8584.0,0.0,equal,collapse_r15,1114,3.0,128,1
s28-qac/5/qac_L5_78.npz,142,-8740.0,-8740.0,0.0,equal,successive_r10,1028,3.0,128,1
s28-qac/5/qac_L5_79.npz,142,-8144.0,-8144.0,0.0,equal,collapse_r15,1123,3.0,128,1
s28-qac/5/qac_L5_8.npz,142,-7928.0,-7928.0,0.0,equal,collapse_r15,1125,3.0,128,1
s28-qac/5/qac_L5_80.npz,142,-7928.0,-7928.0,0.0,equal,collapse_r15,1125,3.0,128,1
s28-qac/5/qac_L5_81.npz,142,-7452.0,-7456.0,-0.05367686527106817,classical_better,successive_r10,1036,3.0,128,1
s28-qac/5/qac_L5_82.npz,142,-6888.0,-6888.0,0.0,equal,successive_r10,1034,3.0,128,1
s28-qac/5/qac_L5_83.npz,142,-8304.0,-8304.0,0.0,equal,successive_r15,1102,3.0,128,1
s28-qac/5/qac_L5_84.npz,142,-6980.0,-6980.0,0.0,equal,successive_r10,1010,3.0,128,1
s28-qac/5/qac_L5_85.npz,142,-6832.0,-6832.0,0.0,equal,collapse_r15,1125,3.0,128,1
s28-qac/5/qac_L5_86.npz,142,-6440.0,-6440.0,0.0,equal,collapse_r15,1126,3.0,128,1
s28-qac/5/qac_L5_87.npz,142,-6860.0,-6860.0,0.0,equal,successive_r10,1017,3.0,128,1
s28-qac/5/qac_L5_88.npz,142,-7528.0,-7528.0,0.0,equal,successive_r10,1003,3.0,128,1
s28-qac/5/qac_L5_89.npz,142,-8424.0,-8428.0,-0.04748338081671415,classical_better,successive_r10,1023,3.0,128,1
s28-qac/5/qac_L5_9.npz,142,-7240.0,-7240.0,0.0,equal,successive_r10,1057,3.0,128,1
s28-qac/5/qac_L5_90.npz,142,-7304.0,-7304.0,0.0,equal,successive_r10,1038,3.0,128,1
s28-qac/5/qac_L5_91.npz,142,-8048.0,-8048.0,0.0,equal,collapse_r15,1122,3.0,128,1
s28-qac/5/qac_L5_92.npz,142,-8024.0,-8024.0,0.0,equal,collapse_r15,1119,3.0,128,1
s28-qac/5/qac_L5_93.npz,142,-7436.0,-7436.0,0.0,equal,successive_r10,1061,3.0,128,1
s28-qac/5/qac_L5_94.npz,142,-7828.0,-7828.0,0.0,equal,collapse_r15,1125,3.0,128,1
s28-qac/5/qac_L5_95.npz,142,-7040.0,-7040.0,0.0,equal,successive_r10,1011,3.0,128,1
s28-qac/5/qac_L5_96.npz,142,-6064.0,-6068.0,-0.06596306068601583,classical_better,collapse_r15,1119,3.0,128,1
s28-qac/5/qac_L5_97.npz,142,-7660.0,-7660.0,0.0,equal,successive_r10,1033,3.0,128,1
s28-qac/5/qac_L5_98.npz,142,-6500.0,-6508.0,-0.12307692307692308,classical_better,successive_r10,1004,3.0,128,1
s28-qac/5/qac_L5_99.npz,142,-8268.0,-8268.0,0.0,equal,collapse_r15,1112,3.0,128,1
s28-qac/6/qac_L6_0.npz,208,-11952.0,-12004.0,-0.4350736278447122,classical_better,successive_r10,1041,3.0,128,1
s28-qac/6/qac_L6_1.npz,208,-11364.0,-11364.0,0.0,equal,successive_r10,1060,3.0,128,1
s28-qac/6/qac_L6_10.npz,208,-11700.0,-11700.0,0.0,equal,collapse_r15,1123,3.0,128,1
s28-qac/6/qac_L6_100.npz,208,-10540.0,-10588.0,-0.45540796963946867,classical_better,collapse_r15,1113,3.0,128,1
s28-qac/6/qac_L6_101.npz,208,-10396.0,-10412.0,-0.15390534821085033,classical_better,collapse_r15,1122,3.0,128,1
s28-qac/6/qac_L6_102.npz,208,-11012.0,-11016.0,-0.03632401017072285,classical_better,collapse_r15,1113,3.0,128,1
s28-qac/6/qac_L6_103.npz,208,-11540.0,-11540.0,0.0,equal,successive_r10,1021,3.0,128,1
s28-qac/6/qac_L6_104.npz,208,-9268.0,-9284.0,-0.17263703064307295,classical_better,successive_r10,1044,3.0,128,1
s28-qac/6/qac_L6_105.npz,208,-10640.0,-10640.0,0.0,equal,successive_r10,101076,3.0,256,2
s28-qac/6/qac_L6_106.npz,208,-11072.0,-11100.0,-0.25289017341040465,classical_better,successive_r10,1001,3.0,128,1
s28-qac/6/qac_L6_107.npz,208,-10480.0,-10484.0,-0.03816793893129771,classical_better,successive_r10,1022,3.0,128,1
s28-qac/6/qac_L6_108.npz,208,-11292.0,-11292.0,0.0,equal,successive_r10,1052,3.0,128,1
s28-qac/6/qac_L6_109.npz,208,-11480.0,-11480.0,0.0,equal,collapse_r15,1126,3.0,128,1
s28-qac/6/qac_L6_11.npz,208,-10880.0,-10880.0,0.0,equal,collapse_r15,1127,3.0,128,1
s28-qac/6/qac_L6_110.npz,208,-10920.0,-10920.0,0.0,equal,collapse_r15,1119,3.0,128,1
s28-qac/6/qac_L6_111.npz,208,-12004.0,-12004.0,0.0,equal,successive_r10,1027,3.0,128,1
s28-qac/6/qac_L6_112.npz,208,-10648.0,-10684.0,-0.33809166040571,classical_better,collapse_r15,1122,3.0,128,1
s28-qac/6/qac_L6_113.npz,208,-11936.0,-11940.0,-0.03351206434316354,classical_better,collapse_r15,1121,3.0,128,1
s28-qac/6/qac_L6_114.npz,208,-12316.0,-12316.0,0.0,equal,collapse_r15,1126,3.0,128,1
s28-qac/6/qac_L6_115.npz,208,-10992.0,-11036.0,-0.4002911208151383,classical_better,successive_r10,1017,3.0,128,1
s28-qac/6/qac_L6_116.npz,208,-12256.0,-12260.0,-0.03263707571801567,classical_better,collapse_r15,1122,3.0,128,1
s28-qac/6/qac_L6_117.npz,208,-10972.0,-10972.0,0.0,equal,successive_r10,1039,3.0,128,1
s28-qac/6/qac_L6_118.npz,208,-11588.0,-11612.0,-0.20711080428028997,classical_better,collapse_r15,1114,3.0,128,1
s28-qac/6/qac_L6_119.npz,208,-11260.0,-11260.0,0.0,equal,collapse_r15,1115,3.0,128,1
s28-qac/6/qac_L6_12.npz,208,-12144.0,-12184.0,-0.32938076416337286,classical_better,collapse_r15,1125,3.0,128,1
s28-qac/6/qac_L6_120.npz,208,-10816.0,-10860.0,-0.4068047337278107,classical_better,successive_r10,1015,3.0,128,1
s28-qac/6/qac_L6_121.npz,208,-11336.0,-11336.0,0.0,equal,collapse_r15,1127,3.0,128,1
s28-qac/6/qac_L6_122.npz,208,-12132.0,-12136.0,-0.03297065611605671,classical_better,successive_r10,1048,3.0,128,1
s28-qac/6/qac_L6_123.npz,208,-10220.0,-10240.0,-0.19569471624266144,classical_better,collapse_r15,1117,3.0,128,1
s28-qac/6/qac_L6_124.npz,208,-11496.0,-11508.0,-0.10438413361169102,classical_better,collapse_r15,1123,3.0,128,1
s28-qac/6/qac_L6_125.npz,208,-10316.0,-10316.0,0.0,equal,collapse_r15,1112,3.0,128,1
s28-qac/6/qac_L6_13.npz,208,-10976.0,-10976.0,0.0,equal,successive_r10,1014,3.0,128,1
s28-qac/6/qac_L6_14.npz,208,-10840.0,-10840.0,0.0,equal,collapse_r15,1114,3.0,128,1
s28-qac/6/qac_L6_15.npz,208,-12740.0,-12748.0,-0.06279434850863422,classical_better,successive_r10,1033,3.0,128,1
s28-qac/6/qac_L6_16.npz,208,-10980.0,-11024.0,-0.4007285974499089,classical_better,collapse_r15,1112,3.0,128,1
s28-qac/6/qac_L6_17.npz,208,-12108.0,-12184.0,-0.6276841757515692,classical_better,successive_r10,1061,3.0,128,1
s28-qac/6/qac_L6_18.npz,208,-11108.0,-11108.0,0.0,equal,collapse_r15,1126,3.0,128,1
s28-qac/6/qac_L6_19.npz,208,-10816.0,-10816.0,0.0,equal,successive_r10,1054,3.0,128,1
s28-qac/6/qac_L6_2.npz,208,-11296.0,-11388.0,-0.8144475920679887,classical_better,successive_r10,1054,3.0,128,1
s28-qac/6/qac_L6_20.npz,208,-11680.0,-11752.0,-0.6164383561643836,classical_better,successive_r10,1041,3.0,128,1
s28-qac/6/qac_L6_21.npz,208,-12172.0,-12172.0,0.0,equal,collapse_r15,1125,3.0,128,1
s28-qac/6/qac_L6_22.npz,208,-11076.0,-11116.0,-0.36114120621162876,classical_better,collapse_r15,1116,3.0,128,1
s28-qac/6/qac_L6_23.npz,208,-12044.0,-12044.0,0.0,equal,collapse_r15,1122,3.0,128,1
s28-qac/6/qac_L6_24.npz,208,-11616.0,-11620.0,-0.03443526170798898,classical_better,successive_r10,1059,3.0,128,1
s28-qac/6/qac_L6_25.npz,208,-11072.0,-11072.0,0.0,equal,successive_r10,1005,3.0,128,1
s28-qac/6/qac_L6_26.npz,208,-12604.0,-12620.0,-0.12694382735639478,classical_better,collapse_r15,1125,3.0,128,1
s28-qac/6/qac_L6_27.npz,208,-10492.0,-10520.0,-0.26686999618757146,classical_better,collapse_r15,1114,3.0,128,1
s28-qac/6/qac_L6_28.npz,208,-11448.0,-11480.0,-0.27952480782669464,classical_better,successive_r10,1011,3.0,128,1
s28-qac/6/qac_L6_29.npz,208,-11400.0,-11404.0,-0.03508771929824561,classical_better,successive_r10,1036,3.0,128,1
s28-qac/6/qac_L6_3.npz,208,-9332.0,-9332.0,0.0,equal,collapse_r15,1117,3.0,128,1
s28-qac/6/qac_L6_30.npz,208,-10700.0,-10704.0,-0.037383177570093455,classical_better,successive_r10,1047,3.0,128,1
s28-qac/6/qac_L6_31.npz,208,-12960.0,-12960.0,0.0,equal,collapse_r15,1123,3.0,128,1
s28-qac/6/qac_L6_32.npz,208,-10424.0,-10424.0,0.0,equal,successive_r10,1042,3.0,128,1
s28-qac/6/qac_L6_33.npz,208,-12164.0,-12164.0,0.0,equal,collapse_r15,1113,3.0,128,1
s28-qac/6/qac_L6_34.npz,208,-12328.0,-12328.0,0.0,equal,collapse_r15,1120,3.0,128,1
s28-qac/6/qac_L6_35.npz,208,-12724.0,-12744.0,-0.15718327569946558,classical_better,collapse_r15,1124,3.0,128,1
s28-qac/6/qac_L6_36.npz,208,-9368.0,-9368.0,0.0,equal,collapse_r15,1121,3.0,128,1
s28-qac/6/qac_L6_37.npz,208,-9604.0,-9604.0,0.0,equal,successive_r10,1063,3.0,128,1
s28-qac/6/qac_L6_38.npz,208,-11504.0,-11516.0,-0.1043115438108484,classical_better,successive_r10,1004,3.0,128,1
s28-qac/6/qac_L6_39.npz,208,-11100.0,-11108.0,-0.07207207207207207,classical_better,successive_r10,1023,3.0,128,1
s28-qac/6/qac_L6_4.npz,208,-11796.0,-11796.0,0.0,equal,successive_r15,1110,3.0,128,1
s28-qac/6/qac_L6_40.npz,208,-11744.0,-11776.0,-0.2724795640326976,classical_better,successive_r10,1025,3.0,128,1
s28-qac/6/qac_L6_41.npz,208,-10680.0,-10684.0,-0.03745318352059925,classical_better,successive_r10,1051,3.0,128,1
s28-qac/6/qac_L6_42.npz,208,-11616.0,-11640.0,-0.2066115702479339,classical_better,successive_r10,1047,3.0,128,1
s28-qac/6/qac_L6_43.npz,208,-10892.0,-10892.0,0.0,equal,successive_r10,1014,3.0,128,1
s28-qac/6/qac_L6_44.npz,208,-12364.0,-12452.0,-0.7117437722419929,classical_better,successive_r10,1053,3.0,128,1
s28-qac/6/qac_L6_45.npz,208,-12448.0,-12448.0,0.0,equal,collapse_r15,1124,3.0,128,1
s28-qac/6/qac_L6_46.npz,208,-10648.0,-10648.0,0.0,equal,collapse_r15,1126,3.0,128,1
s28-qac/6/qac_L6_47.npz,208,-10776.0,-10864.0,-0.8166295471417966,classical_better,successive_r10,1039,3.0,128,1
s28-qac/6/qac_L6_48.npz,208,-11400.0,-11412.0,-0.10526315789473684,classical_better,successive_r10,1005,3.0,128,1
s28-qac/6/qac_L6_49.npz,208,-11548.0,-11552.0,-0.034638032559750606,classical_better,collapse_r15,1125,3.0,128,1
s28-qac/6/qac_L6_5.npz,208,-11788.0,-11816.0,-0.2375296912114014,classical_better,successive_r10,1062,3.0,128,1
s28-qac/6/qac_L6_50.npz,208,-12188.0,-12200.0,-0.09845749917952085,classical_better,successive_r10,1055,3.0,128,1
s28-qac/6/qac_L6_51.npz,208,-10732.0,-10732.0,0.0,equal,successive_r10,1003,3.0,128,1
s28-qac/6/qac_L6_52.npz,208,-12540.0,-12540.0,0.0,equal,successive_r10,1023,3.0,128,1
s28-qac/6/qac_L6_53.npz,208,-12896.0,-12896.0,0.0,equal,successive_r10,1029,3.0,128,1
s28-qac/6/qac_L6_54.npz,208,-11176.0,-11200.0,-0.2147458840372226,classical_better,successive_r15,1109,3.0,128,1
s28-qac/6/qac_L6_55.npz,208,-11428.0,-11428.0,0.0,equal,successive_r10,1015,3.0,128,1
s28-qac/6/qac_L6_56.npz,208,-12016.0,-12016.0,0.0,equal,collapse_r15,1118,3.0,128,1
s28-qac/6/qac_L6_57.npz,208,-11972.0,-11972.0,0.0,equal,successive_r10,1063,3.0,128,1
s28-qac/6/qac_L6_58.npz,208,-13536.0,-13588.0,-0.38416075650118203,classical_better,successive_r10,1045,3.0,128,1
s28-qac/6/qac_L6_59.npz,208,-11700.0,-11708.0,-0.06837606837606838,classical_better,collapse_r15,1118,3.0,128,1
s28-qac/6/qac_L6_6.npz,208,-12564.0,-12564.0,0.0,equal,successive_r10,1059,3.0,128,1
s28-qac/6/qac_L6_60.npz,208,-11216.0,-11216.0,0.0,equal,successive_r10,1053,3.0,128,1
s28-qac/6/qac_L6_61.npz,208,-12360.0,-12360.0,0.0,equal,collapse_r15,1122,3.0,128,1
s28-qac/6/qac_L6_62.npz,208,-11932.0,-11932.0,0.0,equal,collapse_r15,1114,3.0,128,1
s28-qac/6/qac_L6_63.npz,208,-11244.0,-11248.0,-0.03557452863749555,classical_better,collapse_r15,1126,3.0,128,1
s28-qac/6/qac_L6_64.npz,208,-12488.0,-12520.0,-0.25624599615631005,classical_better,collapse_r15,1117,3.0,128,1
s28-qac/6/qac_L6_65.npz,208,-12660.0,-12660.0,0.0,equal,collapse_r15,1115,3.0,128,1
s28-qac/6/qac_L6_66.npz,208,-10696.0,-10696.0,0.0,equal,successive_r10,1030,3.0,128,1
s28-qac/6/qac_L6_67.npz,208,-10800.0,-10844.0,-0.4074074074074074,classical_better,successive_r10,1026,3.0,128,1
s28-qac/6/qac_L6_68.npz,208,-12808.0,-12816.0,-0.06246096189881324,classical_better,collapse_r15,1114,3.0,128,1
s28-qac/6/qac_L6_69.npz,208,-9712.0,-9716.0,-0.04118616144975288,classical_better,successive_r10,1053,3.0,128,1
s28-qac/6/qac_L6_7.npz,208,-11300.0,-11316.0,-0.1415929203539823,classical_better,collapse_r15,1113,3.0,128,1
s28-qac/6/qac_L6_70.npz,208,-10292.0,-10292.0,0.0,equal,successive_r10,1046,3.0,128,1
s28-qac/6/qac_L6_71.npz,208,-13080.0,-13080.0,0.0,equal,successive_r10,1055,3.0,128,1
s28-qac/6/qac_L6_72.npz,208,-10632.0,-10632.0,0.0,equal,collapse_r15,1121,3.0,128,1
s28-qac/6/qac_L6_73.npz,208,-11656.0,-11656.0,0.0,equal,successive_r15,1104,3.0,128,1
s28-qac/6/qac_L6_74.npz,208,-10960.0,-10960.0,0.0,equal,collapse_r15,1127,3.0,128,1
s28-qac/6/qac_L6_75.npz,208,-13356.0,-13368.0,-0.08984725965858041,classical_better,successive_r15,1101,3.0,128,1
s28-qac/6/qac_L6_76.npz,208,-11984.0,-11984.0,0.0,equal,successive_r10,1034,3.0,128,1
s28-qac/6/qac_L6_77.npz,208,-11260.0,-11260.0,0.0,equal,collapse_r15,1117,3.0,128,1
s28-qac/6/qac_L6_78.npz,208,-11556.0,-11556.0,0.0,equal,successive_r10,1038,3.0,128,1
s28-qac/6/qac_L6_79.npz,208,-11204.0,-11204.0,0.0,equal,successive_r10,1007,3.0,128,1
s28-qac/6/qac_L6_8.npz,208,-10588.0,-10600.0,-0.11333585190782017,classical_better,collapse_r15,1121,3.0,128,1
s28-qac/6/qac_L6_80.npz,208,-11092.0,-11104.0,-0.10818608005769924,classical_better,collapse_r15,1121,3.0,128,1
s28-qac/6/qac_L6_81.npz,208,-11304.0,-11304.0,0.0,equal,collapse_r15,1125,3.0,128,1
s28-qac/6/qac_L6_82.npz,208,-11592.0,-11600.0,-0.06901311249137336,classical_better,successive_r15,1101,3.0,128,1
s28-qac/6/qac_L6_83.npz,208,-10076.0,-10076.0,0.0,equal,collapse_r15,1124,3.0,128,1
s28-qac/6/qac_L6_84.npz,208,-11880.0,-11896.0,-0.13468013468013468,classical_better,successive_r10,1052,3.0,128,1
s28-qac/6/qac_L6_85.npz,208,-11152.0,-11152.0,0.0,equal,collapse_r15,1120,3.0,128,1
s28-qac/6/qac_L6_86.npz,208,-9396.0,-9444.0,-0.5108556832694764,classical_better,successive_r10,1025,3.0,128,1
s28-qac/6/qac_L6_87.npz,208,-11432.0,-11432.0,0.0,equal,successive_r10,1038,3.0,128,1
s28-qac/6/qac_L6_88.npz,208,-12704.0,-12712.0,-0.06297229219143577,classical_better,successive_r10,1046,3.0,128,1
s28-qac/6/qac_L6_89.npz,208,-11360.0,-11360.0,0.0,equal,collapse_r15,1119,3.0,128,1
s28-qac/6/qac_L6_9.npz,208,-12812.0,-12844.0,-0.24976584452076178,classical_better,collapse_r15,1123,3.0,128,1
s28-qac/6/qac_L6_90.npz,208,-11292.0,-11292.0,0.0,equal,collapse_r15,1127,3.0,128,1
s28-qac/6/qac_L6_91.npz,208,-8976.0,-8988.0,-0.13368983957219252,classical_better,collapse_r15,1127,3.0,128,1
s28-qac/6/qac_L6_92.npz,208,-10548.0,-10560.0,-0.11376564277588168,classical_better,successive_r10,1000,3.0,128,1
s28-qac/6/qac_L6_93.npz,208,-13736.0,-13736.0,0.0,equal,collapse_r15,1117,3.0,128,1
s28-qac/6/qac_L6_94.npz,208,-11488.0,-11504.0,-0.1392757660167131,classical_better,collapse_r15,1114,3.0,128,1
s28-qac/6/qac_L6_95.npz,208,-11616.0,-11628.0,-0.10330578512396695,classical_better,successive_r15,1083,3.0,128,1
s28-qac/6/qac_L6_96.npz,208,-11264.0,-11272.0,-0.07102272727272728,classical_better,successive_r10,1058,3.0,128,1
s28-qac/6/qac_L6_97.npz,208,-11128.0,-11188.0,-0.5391804457225018,classical_better,collapse_r15,1127,3.0,128,1
s28-qac/6/qac_L6_98.npz,208,-11572.0,-11572.0,0.0,equal,successive_r10,1011,3.0,128,1
s28-qac/6/qac_L6_99.npz,208,-11464.0,-11488.0,-0.209351011863224,classical_better,collapse_r15,1125,3.0,128,1
s28-qac/7/qac_L7_0.npz,283,-13924.0,-13976.0,-0.37345590347601265,classical_better,successive_r10,1006,3.0,128,1
s28-qac/7/qac_L7_1.npz,283,-14768.0,-14768.0,0.0,equal,successive_r10,1055,3.0,128,1
s28-qac/7/qac_L7_10.npz,283,-15496.0,-15496.0,0.0,equal,successive_r10,1028,3.0,128,1
s28-qac/7/qac_L7_100.npz,283,-14128.0,-14272.0,-1.0192525481313703,classical_better,successive_r10,1031,3.0,128,1
s28-qac/7/qac_L7_101.npz,283,-13712.0,-13772.0,-0.43757292882147025,classical_better,successive_r10,1010,3.0,128,1
s28-qac/7/qac_L7_102.npz,283,-15480.0,-15556.0,-0.4909560723514212,classical_better,successive_r10,1011,3.0,128,1
s28-qac/7/qac_L7_103.npz,283,-15916.0,-15932.0,-0.10052777079668258,classical_better,successive_r10,1051,3.0,128,1
s28-qac/7/qac_L7_104.npz,283,-15272.0,-15272.0,0.0,equal,successive_r10,1042,3.0,128,1
s28-qac/7/qac_L7_105.npz,283,-16976.0,-17012.0,-0.21206409048067862,classical_better,successive_r10,1009,3.0,128,1
s28-qac/7/qac_L7_106.npz,283,-15948.0,-15956.0,-0.05016302984700276,classical_better,successive_r15,1067,3.0,128,1
s28-qac/7/qac_L7_107.npz,283,-17280.0,-17280.0,0.0,equal,successive_r10,1007,3.0,128,1
s28-qac/7/qac_L7_108.npz,283,-13380.0,-13380.0,0.0,equal,successive_r10,1063,3.0,128,1
s28-qac/7/qac_L7_109.npz,283,-15472.0,-15524.0,-0.3360910031023785,classical_better,successive_r10,1043,3.0,128,1
s28-qac/7/qac_L7_11.npz,283,-16316.0,-16340.0,-0.14709487619514586,classical_better,successive_r10,1038,3.0,128,1
s28-qac/7/qac_L7_110.npz,283,-13848.0,-13860.0,-0.08665511265164645,classical_better,successive_r10,1050,3.0,128,1
s28-qac/7/qac_L7_111.npz,283,-15016.0,-15016.0,0.0,equal,successive_r10,1035,3.0,128,1
s28-qac/7/qac_L7_112.npz,283,-15036.0,-15092.0,-0.37243947858473,classical_better,successive_r15,1105,3.0,128,1
s28-qac/7/qac_L7_113.npz,283,-14296.0,-14392.0,-0.6715165081141579,classical_better,successive_r10,1032,3.0,128,1
s28-qac/7/qac_L7_114.npz,283,-14068.0,-14080.0,-0.08529997156667614,classical_better,successive_r10,201081,3.0,384,3
s28-qac/7/qac_L7_115.npz,283,-15076.0,-15128.0,-0.34491907667816396,classical_better,successive_r10,1003,3.0,128,1
s28-qac/7/qac_L7_116.npz,283,-14368.0,-14368.0,0.0,equal,successive_r10,1009,3.0,128,1
s28-qac/7/qac_L7_117.npz,283,-14860.0,-14872.0,-0.08075370121130551,classical_better,successive_r10,1029,3.0,128,1
s28-qac/7/qac_L7_118.npz,283,-16152.0,-16188.0,-0.22288261515601784,classical_better,successive_r15,1064,3.0,128,1
s28-qac/7/qac_L7_119.npz,283,-17124.0,-17124.0,0.0,equal,successive_r10,1022,3.0,128,1
s28-qac/7/qac_L7_12.npz,283,-14148.0,-14156.0,-0.05654509471303364,classical_better,successive_r15,1083,3.0,128,1
s28-qac/7/qac_L7_120.npz,283,-14768.0,-14808.0,-0.27085590465872156,classical_better,successive_r10,1015,3.0,128,1
s28-qac/7/qac_L7_121.npz,283,-17004.0,-17004.0,0.0,equal,successive_r10,101018,3.0,256,2
s28-qac/7/qac_L7_122.npz,283,-14604.0,-14624.0,-0.13694878115584772,classical_better,successive_r10,1003,3.0,128,1
s28-qac/7/qac_L7_123.npz,283,-14220.0,-14220.0,0.0,equal,successive_r15,1083,3.0,128,1
s28-qac/7/qac_L7_124.npz,283,-16936.0,-16956.0,-0.11809163911195088,classical_better,successive_r10,1059,3.0,128,1
s28-qac/7/qac_L7_125.npz,283,-15368.0,-15404.0,-0.2342529932326913,classical_better,successive_r10,1036,3.0,128,1
s28-qac/7/qac_L7_13.npz,283,-15208.0,-15268.0,-0.3945291951604419,classical_better,collapse_r15,1119,3.0,128,1
s28-qac/7/qac_L7_14.npz,283,-16216.0,-16276.0,-0.370004933399112,classical_better,successive_r10,1013,3.0,128,1
s28-qac/7/qac_L7_15.npz,283,-15040.0,-15152.0,-0.7446808510638298,classical_better,successive_r10,1002,3.0,128,1
s28-qac/7/qac_L7_16.npz,283,-15032.0,-15060.0,-0.18626929217668972,classical_better,successive_r10,1050,3.0,128,1
s28-qac/7/qac_L7_17.npz,283,-15796.0,-15824.0,-0.17726006583945303,classical_better,successive_r10,1059,3.0,128,1
s28-qac/7/qac_L7_18.npz,283,-15272.0,-15280.0,-0.05238344683080147,classical_better,successive_r10,1025,3.0,128,1
s28-qac/7/qac_L7_19.npz,283,-16584.0,-16592.0,-0.0482392667631452,classical_better,collapse_r15,1117,3.0,128,1
s28-qac/7/qac_L7_2.npz,283,-17824.0,-17852.0,-0.1570915619389587,classical_better,successive_r10,1031,3.0,128,1
s28-qac/7/qac_L7_20.npz,283,-15252.0,-15308.0,-0.3671649619722004,classical_better,successive_r10,1004,3.0,128,1
s28-qac/7/qac_L7_21.npz,283,-14264.0,-14264.0,0.0,equal,successive_r10,201075,3.0,384,3
s28-qac/7/qac_L7_22.npz,283,-15864.0,-15912.0,-0.30257186081694404,classical_better,collapse_r15,1126,3.0,128,1
s28-qac/7/qac_L7_23.npz,283,-15872.0,-15872.0,0.0,equal,successive_r10,1030,3.0,128,1
s28-qac/7/qac_L7_24.npz,283,-15024.0,-15044.0,-0.13312034078807242,classical_better,successive_r10,1012,3.0,128,1
s28-qac/7/qac_L7_25.npz,283,-13712.0,-13712.0,0.0,equal,successive_r15,1107,3.0,128,1
s28-qac/7/qac_L7_26.npz,283,-16528.0,-16532.0,-0.02420135527589545,classical_better,successive_r10,1036,3.0,128,1
s28-qac/7/qac_L7_27.npz,283,-15396.0,-15456.0,-0.3897116134060795,classical_better,successive_r10,1063,3.0,128,1
s28-qac/7/qac_L7_28.npz,283,-16564.0,-16584.0,-0.12074378169524269,classical_better,successive_r10,1048,3.0,128,1
s28-qac/7/qac_L7_29.npz,283,-15692.0,-15720.0,-0.17843487127198573,classical_better,successive_r10,1055,3.0,128,1
s28-qac/7/qac_L7_3.npz,283,-16072.0,-16104.0,-0.1991040318566451,classical_better,successive_r15,1102,3.0,128,1
s28-qac/7/qac_L7_30.npz,283,-16168.0,-16236.0,-0.4205838693715982,classical_better,collapse_r15,1118,3.0,128,1
s28-qac/7/qac_L7_31.npz,283,-15172.0,-15184.0,-0.07909306617453203,classical_better,successive_r10,1005,3.0,128,1
s28-qac/7/qac_L7_32.npz,283,-15440.0,-15452.0,-0.07772020725388601,classical_better,successive_r10,1053,3.0,128,1
s28-qac/7/qac_L7_33.npz,283,-14716.0,-14768.0,-0.35335689045936397,classical_better,successive_r10,1057,3.0,128,1
s28-qac/7/qac_L7_34.npz,283,-14376.0,-14376.0,0.0,equal,successive_r10,101074,3.0,256,2
s28-qac/7/qac_L7_35.npz,283,-15284.0,-15308.0,-0.15702695629416383,classical_better,successive_r10,1055,3.0,128,1
s28-qac/7/qac_L7_36.npz,283,-14388.0,-14436.0,-0.3336113427856547,classical_better,successive_r10,1056,3.0,128,1
s28-qac/7/qac_L7_37.npz,283,-14864.0,-14924.0,-0.40365984930032295,classical_better,collapse_r15,1121,3.0,128,1
s28-qac/7/qac_L7_38.npz,283,-17224.0,-17256.0,-0.18578727357176034,classical_better,successive_r10,1012,3.0,128,1
s28-qac/7/qac_L7_39.npz,283,-15976.0,-15976.0,0.0,equal,successive_r10,1019,3.0,128,1
s28-qac/7/qac_L7_4.npz,283,-14736.0,-14744.0,-0.05428881650380022,classical_better,successive_r10,1039,3.0,128,1
s28-qac/7/qac_L7_40.npz,283,-15116.0,-15164.0,-0.31754432389521037,classical_better,successive_r10,1001,3.0,128,1
s28-qac/7/qac_L7_41.npz,283,-14728.0,-14768.0,-0.27159152634437805,classical_better,successive_r10,1029,3.0,128,1
s28-qac/7/qac_L7_42.npz,283,-16368.0,-16380.0,-0.07331378299120235,classical_better,successive_r10,1019,3.0,128,1
s28-qac/7/qac_L7_43.npz,283,-15024.0,-15080.0,-0.37273695420660274,classical_better,collapse_r15,1113,3.0,128,1
s28-qac/7/qac_L7_44.npz,283,-15300.0,-15372.0,-0.47058823529411764,classical_better,successive_r10,1055,3.0,128,1
s28-qac/7/qac_L7_45.npz,283,-17412.0,-17412.0,0.0,equal,successive_r10,201020,3.0,384,3
s28-qac/7/qac_L7_46.npz,283,-15964.0,-15992.0,-0.17539463793535454,classical_better,successive_r15,1105,3.0,128,1
s28-qac/7/qac_L7_47.npz,283,-17280.0,-17300.0,-0.11574074074074074,classical_better,successive_r10,1001,3.0,128,1
s28-qac/7/qac_L7_48.npz,283,-17696.0,-17776.0,-0.45207956600361665,classical_better,successive_r10,1009,3.0,128,1
s28-qac/7/qac_L7_49.npz,283,-14936.0,-14948.0,-0.08034279592929834,classical_better,successive_r10,1050,3.0,128,1
s28-qac/7/qac_L7_5.npz,283,-17964.0,-18008.0,-0.2449343130705856,classical_better,successive_r15,1099,3.0,128,1
s28-qac/7/qac_L7_50.npz,283,-15584.0,-15588.0,-0.02566735112936345,classical_better,successive_r15,1097,3.0,128,1
s28-qac/7/qac_L7_51.npz,283,-15280.0,-15288.0,-0.05235602094240838,classical_better,successive_r10,1042,3.0,128,1
s28-qac/7/qac_L7_52.npz,283,-13048.0,-13080.0,-0.24524831391784183,classical_better,successive_r10,1049,3.0,128,1
s28-qac/7/qac_L7_53.npz,283,-16820.0,-16828.0,-0.04756242568370987,classical_better,successive_r10,1047,3.0,128,1
s28-qac/7/qac_L7_54.npz,283,-15992.0,-16032.0,-0.25012506253126565,classical_better,successive_r10,1026,3.0,128,1
s28-qac/7/qac_L7_55.npz,283,-14544.0,-14628.0,-0.5775577557755776,classical_better,successive_r10,1054,3.0,128,1
s28-qac/7/qac_L7_56.npz,283,-13548.0,-13620.0,-0.5314437555358724,classical_better,successive_r10,1056,3.0,128,1
s28-qac/7/qac_L7_57.npz,283,-16016.0,-16116.0,-0.6243756243756243,classical_better,successive_r15,1096,3.0,128,1
s28-qac/7/qac_L7_58.npz,283,-15040.0,-15068.0,-0.18617021276595744,classical_better,successive_r10,1003,3.0,128,1
s28-qac/7/qac_L7_59.npz,283,-16372.0,-16372.0,0.0,equal,successive_r10,1041,3.0,128,1
s28-qac/7/qac_L7_6.npz,283,-15408.0,-15516.0,-0.7009345794392523,classical_better,successive_r15,1107,3.0,128,1
s28-qac/7/qac_L7_60.npz,283,-16068.0,-16108.0,-0.24894199651481205,classical_better,successive_r10,1044,3.0,128,1
s28-qac/7/qac_L7_61.npz,283,-15336.0,-15368.0,-0.20865936358894105,classical_better,successive_r10,1025,3.0,128,1
s28-qac/7/qac_L7_62.npz,283,-14680.0,-14724.0,-0.2997275204359673,classical_better,successive_r10,1021,3.0,128,1
s28-qac/7/qac_L7_63.npz,283,-14656.0,-14680.0,-0.16375545851528384,classical_better,successive_r10,1032,3.0,128,1
s28-qac/7/qac_L7_64.npz,283,-16480.0,-16520.0,-0.24271844660194175,classical_better,successive_r10,1006,3.0,128,1
s28-qac/7/qac_L7_65.npz,283,-14796.0,-14796.0,0.0,equal,successive_r10,1022,3.0,128,1
s28-qac/7/qac_L7_66.npz,283,-14456.0,-14524.0,-0.4703929164360819,classical_better,successive_r10,1025,3.0,128,1
s28-qac/7/qac_L7_67.npz,283,-15616.0,-15640.0,-0.15368852459016394,classical_better,successive_r10,1016,3.0,128,1
s28-qac/7/qac_L7_68.npz,283,-16368.0,-16396.0,-0.1710654936461388,classical_better,successive_r10,1017,3.0,128,1
s28-qac/7/qac_L7_69.npz,283,-15952.0,-15992.0,-0.25075225677031093,classical_better,successive_r10,1054,3.0,128,1
s28-qac/7/qac_L7_7.npz,283,-14964.0,-15020.0,-0.37423148890670943,classical_better,successive_r10,1015,3.0,128,1
s28-qac/7/qac_L7_70.npz,283,-16956.0,-17044.0,-0.5189903279075253,classical_better,successive_r10,1061,3.0,128,1
s28-qac/7/qac_L7_71.npz,283,-16196.0,-16200.0,-0.024697456162015314,classical_better,successive_r10,1012,3.0,128,1
s28-qac/7/qac_L7_72.npz,283,-17240.0,-17256.0,-0.09280742459396751,classical_better,successive_r10,1008,3.0,128,1
s28-qac/7/qac_L7_73.npz,283,-15480.0,-15504.0,-0.15503875968992248,classical_better,collapse_r15,1116,3.0,128,1
s28-qac/7/qac_L7_74.npz,283,-15944.0,-15964.0,-0.1254390366281987,classical_better,successive_r10,1033,3.0,128,1
s28-qac/7/qac_L7_75.npz,283,-15432.0,-15432.0,0.0,equal,successive_r10,1003,3.0,128,1
s28-qac/7/qac_L7_76.npz,283,-17032.0,-17052.0,-0.11742602160638797,classical_better,successive_r10,1015,3.0,128,1
s28-qac/7/qac_L7_77.npz,283,-15256.0,-15264.0,-0.05243838489774515,classical_better,successive_r10,1029,3.0,128,1
s28-qac/7/qac_L7_78.npz,283,-14768.0,-14848.0,-0.5417118093174431,classical_better,successive_r10,1043,3.0,128,1
s28-qac/7/qac_L7_79.npz,283,-15996.0,-16008.0,-0.07501875468867217,classical_better,successive_r10,1041,3.0,128,1
s28-qac/7/qac_L7_8.npz,283,-15776.0,-15796.0,-0.12677484787018256,classical_better,successive_r10,1009,3.0,128,1
s28-qac/7/qac_L7_80.npz,283,-16320.0,-16320.0,0.0,equal,successive_r10,1060,3.0,128,1
s28-qac/7/qac_L7_81.npz,283,-15232.0,-15288.0,-0.36764705882352944,classical_better,successive_r10,1014,3.0,128,1
s28-qac/7/qac_L7_82.npz,283,-15588.0,-15596.0,-0.051321529381575574,classical_better,successive_r10,101008,3.0,256,2
s28-qac/7/qac_L7_83.npz,283,-13468.0,-13556.0,-0.6534006534006535,classical_better,successive_r10,1016,3.0,128,1
s28-qac/7/qac_L7_84.npz,283,-16736.0,-16772.0,-0.21510516252390058,classical_better,successive_r10,1016,3.0,128,1
s28-qac/7/qac_L7_85.npz,283,-16088.0,-16180.0,-0.5718547986076579,classical_better,successive_r10,1010,3.0,128,1
s28-qac/7/qac_L7_86.npz,283,-16596.0,-16612.0,-0.09640877319836105,classical_better,successive_r10,1059,3.0,128,1
s28-qac/7/qac_L7_87.npz,283,-13464.0,-13528.0,-0.47534165181224003,classical_better,successive_r10,1039,3.0,128,1
s28-qac/7/qac_L7_88.npz,283,-14256.0,-14320.0,-0.4489337822671156,classical_better,successive_r10,1017,3.0,128,1
s28-qac/7/qac_L7_89.npz,283,-14300.0,-14320.0,-0.13986013986013987,classical_better,successive_r10,1009,3.0,128,1
s28-qac/7/qac_L7_9.npz,283,-14596.0,-14600.0,-0.02740476842970677,classical_better,successive_r10,1045,3.0,128,1
s28-qac/7/qac_L7_90.npz,283,-15460.0,-15496.0,-0.23285899094437257,classical_better,successive_r15,1085,3.0,128,1
s28-qac/7/qac_L7_91.npz,283,-15284.0,-15296.0,-0.07851347814708191,classical_better,successive_r10,1045,3.0,128,1
s28-qac/7/qac_L7_92.npz,283,-15316.0,-15320.0,-0.026116479498563595,classical_better,collapse_r15,1116,3.0,128,1
s28-qac/7/qac_L7_93.npz,283,-13704.0,-13840.0,-0.99241097489784,classical_better,successive_r10,1057,3.0,128,1
s28-qac/7/qac_L7_94.npz,283,-14832.0,-14840.0,-0.05393743257820928,classical_better,successive_r10,1058,3.0,128,1
s28-qac/7/qac_L7_95.npz,283,-14628.0,-14628.0,0.0,equal,successive_r10,1007,3.0,128,1
s28-qac/7/qac_L7_96.npz,283,-15576.0,-15632.0,-0.35952747817154596,classical_better,successive_r15,1071,3.0,128,1
s28-qac/7/qac_L7_97.npz,283,-16068.0,-16076.0,-0.04978839930296241,classical_better,successive_r10,1001,3.0,128,1
s28-qac/7/qac_L7_98.npz,283,-14548.0,-14552.0,-0.027495188342040143,classical_better,successive_r10,1008,3.0,128,1
s28-qac/7/qac_L7_99.npz,283,-17424.0,-17548.0,-0.711662075298439,classical_better,successive_r10,1038,3.0,128,1
s28-qac/8/qac_L8_0.npz,372,-21392.0,-21448.0,-0.2617801047120419,classical_better,successive_r15,1077,3.0,128,1
s28-qac/8/qac_L8_1.npz,372,-20148.0,-20384.0,-1.171332142148104,classical_better,successive_r15,1080,3.0,128,1
s28-qac/8/qac_L8_10.npz,372,-20920.0,-21092.0,-0.8221797323135756,classical_better,successive_r15,1083,3.0,128,1
s28-qac/8/qac_L8_100.npz,372,-19504.0,-19724.0,-1.1279737489745694,classical_better,successive_r10,1003,3.0,128,1
s28-qac/8/qac_L8_101.npz,372,-19412.0,-19492.0,-0.41211621677313004,classical_better,successive_r10,1027,3.0,128,1
s28-qac/8/qac_L8_102.npz,372,-22616.0,-22660.0,-0.19455252918287938,classical_better,successive_r10,1035,3.0,128,1
s28-qac/8/qac_L8_103.npz,372,-21344.0,-21380.0,-0.1686656671664168,classical_better,successive_r10,1011,3.0,128,1
s28-qac/8/qac_L8_104.npz,372,-19508.0,-19636.0,-0.6561410703301209,classical_better,successive_r10,1052,3.0,128,1
s28-qac/8/qac_L8_105.npz,372,-20348.0,-20404.0,-0.27521132298014545,classical_better,successive_r10,1001,3.0,128,1
s28-qac/8/qac_L8_106.npz,372,-24160.0,-24240.0,-0.33112582781456956,classical_better,successive_r10,1010,3.0,128,1
s28-qac/8/qac_L8_107.npz,372,-19600.0,-19764.0,-0.8367346938775511,classical_better,successive_r10,1063,3.0,128,1
s28-qac/8/qac_L8_108.npz,372,-19572.0,-19604.0,-0.16349887594522788,classical_better,successive_r10,1000,3.0,128,1
s28-qac/8/qac_L8_109.npz,372,-19940.0,-20004.0,-0.320962888665998,classical_better,successive_r10,1051,3.0,128,1
s28-qac/8/qac_L8_11.npz,372,-19980.0,-20076.0,-0.4804804804804805,classical_better,successive_r10,1012,3.0,128,1
s28-qac/8/qac_L8_110.npz,372,-20512.0,-20576.0,-0.31201248049922,classical_better,successive_r10,1016,3.0,128,1
s28-qac/8/qac_L8_111.npz,372,-19948.0,-20112.0,-0.8221375576498897,classical_better,successive_r10,1056,3.0,128,1
s28-qac/8/qac_L8_112.npz,372,-19676.0,-19848.0,-0.874161414921732,classical_better,successive_r10,1046,3.0,128,1
s28-qac/8/qac_L8_113.npz,372,-21032.0,-21088.0,-0.26626093571700266,classical_better,successive_r10,1000,3.0,128,1
s28-qac/8/qac_L8_114.npz,372,-20412.0,-20452.0,-0.1959631589261219,classical_better,successive_r15,1084,3.0,128,1
s28-qac/8/qac_L8_115.npz,372,-22304.0,-22372.0,-0.3048780487804878,classical_better,successive_r15,1088,3.0,128,1
s28-qac/8/qac_L8_116.npz,372,-20328.0,-20388.0,-0.29515938606847697,classical_better,successive_r10,1034,3.0,128,1
s28-qac/8/qac_L8_117.npz,372,-20572.0,-20676.0,-0.5055415127357573,classical_better,successive_r10,1023,3.0,128,1
s28-qac/8/qac_L8_118.npz,372,-19432.0,-19644.0,-1.0909839440098805,classical_better,successive_r10,1022,3.0,128,1
s28-qac/8/qac_L8_119.npz,372,-21260.0,-21292.0,-0.15051740357478832,classical_better,successive_r10,1020,3.0,128,1
s28-qac/8/qac_L8_12.npz,372,-19112.0,-19192.0,-0.4185851820845542,classical_better,successive_r15,1068,3.0,128,1
s28-qac/8/qac_L8_120.npz,372,-21072.0,-21144.0,-0.3416856492027335,classical_better,successive_r10,1002,3.0,128,1
s28-qac/8/qac_L8_121.npz,372,-21124.0,-21228.0,-0.49233099791706114,classical_better,successive_r10,1060,3.0,128,1
s28-qac/8/qac_L8_122.npz,372,-20568.0,-20752.0,-0.8945935433683392,classical_better,successive_r10,1043,3.0,128,1
s28-qac/8/qac_L8_123.npz,372,-19336.0,-19428.0,-0.4757964418700869,classical_better,successive_r15,1069,3.0,128,1
s28-qac/8/qac_L8_124.npz,372,-20228.0,-20292.0,-0.3163931184496737,classical_better,successive_r10,1047,3.0,128,1
s28-qac/8/qac_L8_125.npz,372,-21736.0,-21840.0,-0.4784688995215311,classical_better,successive_r15,1068,3.0,128,1
s28-qac/8/qac_L8_13.npz,372,-20868.0,-20984.0,-0.5558750239601303,classical_better,successive_r10,1038,3.0,128,1
s28-qac/8/qac_L8_14.npz,372,-18524.0,-18572.0,-0.259123299503347,classical_better,successive_r10,1042,3.0,128,1
s28-qac/8/qac_L8_15.npz,372,-21572.0,-21672.0,-0.4635638791025403,classical_better,successive_r15,1091,3.0,128,1
s28-qac/8/qac_L8_16.npz,372,-19308.0,-19456.0,-0.7665216490573855,classical_better,successive_r10,1024,3.0,128,1
s28-qac/8/qac_L8_17.npz,372,-20920.0,-20996.0,-0.3632887189292543,classical_better,successive_r10,1039,3.0,128,1
s28-qac/8/qac_L8_18.npz,372,-22008.0,-22128.0,-0.5452562704471101,classical_better,successive_r10,1003,3.0,128,1
s28-qac/8/qac_L8_19.npz,372,-19564.0,-19576.0,-0.06133714986710284,classical_better,successive_r10,101078,3.0,256,2
s28-qac/8/qac_L8_2.npz,372,-23192.0,-23360.0,-0.724387719903415,classical_better,successive_r15,1108,3.0,128,1
s28-qac/8/qac_L8_20.npz,372,-21204.0,-21388.0,-0.867760799849085,classical_better,successive_r10,1042,3.0,128,1
s28-qac/8/qac_L8_21.npz,372,-19784.0,-19888.0,-0.5256773150020219,classical_better,successive_r10,1002,3.0,128,1
s28-qac/8/qac_L8_22.npz,372,-20004.0,-20028.0,-0.11997600479904019,classical_better,successive_r10,1013,3.0,128,1
s28-qac/8/qac_L8_23.npz,372,-21624.0,-21800.0,-0.8139104698483167,classical_better,successive_r10,1047,3.0,128,1
s28-qac/8/qac_L8_24.npz,372,-19764.0,-19876.0,-0.5666869054847197,classical_better,successive_r10,1016,3.0,128,1
s28-qac/8/qac_L8_25.npz,372,-19488.0,-19564.0,-0.3899835796387521,classical_better,successive_r10,1048,3.0,128,1
s28-qac/8/qac_L8_26.npz,372,-20344.0,-20420.0,-0.3735745182854896,classical_better,successive_r10,1058,3.0,128,1
s28-qac/8/qac_L8_27.npz,372,-21668.0,-21836.0,-0.7753369023444711,classical_better,successive_r10,1034,3.0,128,1
s28-qac/8/qac_L8_28.npz,372,-21424.0,-21468.0,-0.20537714712471994,classical_better,successive_r10,1008,3.0,128,1
s28-qac/8/qac_L8_29.npz,372,-20736.0,-20756.0,-0.09645061728395062,classical_better,successive_r10,1013,3.0,128,1
s28-qac/8/qac_L8_3.npz,372,-19844.0,-19844.0,0.0,equal,successive_r10,1002,3.0,128,1
s28-qac/8/qac_L8_30.npz,372,-18356.0,-18444.0,-0.4794072782741338,classical_better,successive_r10,1013,3.0,128,1
s28-qac/8/qac_L8_31.npz,372,-21616.0,-21684.0,-0.3145817912657291,classical_better,successive_r10,1017,3.0,128,1
s28-qac/8/qac_L8_32.npz,372,-21028.0,-21064.0,-0.17120030435609662,classical_better,successive_r10,1056,3.0,128,1
s28-qac/8/qac_L8_33.npz,372,-19764.0,-19788.0,-0.12143290831815422,classical_better,successive_r15,1106,3.0,128,1
s28-qac/8/qac_L8_34.npz,372,-20020.0,-20048.0,-0.13986013986013987,classical_better,successive_r15,1074,3.0,128,1
s28-qac/8/qac_L8_35.npz,372,-19312.0,-19328.0,-0.08285004142502071,classical_better,successive_r10,1016,3.0,128,1
s28-qac/8/qac_L8_36.npz,372,-22016.0,-22164.0,-0.6722383720930233,classical_better,successive_r10,1038,3.0,128,1
s28-qac/8/qac_L8_37.npz,372,-21264.0,-21360.0,-0.45146726862302483,classical_better,successive_r10,1039,3.0,128,1
s28-qac/8/qac_L8_38.npz,372,-19792.0,-20028.0,-1.1924009700889249,classical_better,successive_r10,1034,3.0,128,1
s28-qac/8/qac_L8_39.npz,372,-22164.0,-22216.0,-0.2346146904890814,classical_better,successive_r10,1033,3.0,128,1
s28-qac/8/qac_L8_4.npz,372,-19944.0,-20024.0,-0.4011231448054553,classical_better,successive_r15,1084,3.0,128,1
s28-qac/8/qac_L8_40.npz,372,-19124.0,-19224.0,-0.5229031583350764,classical_better,successive_r15,1080,3.0,128,1
s28-qac/8/qac_L8_41.npz,372,-19240.0,-19312.0,-0.37422037422037424,classical_better,successive_r10,1063,3.0,128,1
s28-qac/8/qac_L8_42.npz,372,-20988.0,-21076.0,-0.4192872117400419,classical_better,successive_r10,1002,3.0,128,1
s28-qac/8/qac_L8_43.npz,372,-19756.0,-20016.0,-1.3160558817574408,classical_better,successive_r10,1017,3.0,128,1
s28-qac/8/qac_L8_44.npz,372,-22192.0,-22320.0,-0.5767844268204758,classical_better,successive_r15,1098,3.0,128,1
s28-qac/8/qac_L8_45.npz,372,-20144.0,-20256.0,-0.5559968228752978,classical_better,successive_r10,1026,3.0,128,1
s28-qac/8/qac_L8_46.npz,372,-21924.0,-22060.0,-0.6203247582557927,classical_better,successive_r10,1010,3.0,128,1
s28-qac/8/qac_L8_47.npz,372,-22628.0,-22664.0,-0.1590949266395616,classical_better,successive_r15,1081,3.0,128,1
s28-qac/8/qac_L8_48.npz,372,-21208.0,-21240.0,-0.15088645794039984,classical_better,successive_r10,1013,3.0,128,1
s28-qac/8/qac_L8_49.npz,372,-20732.0,-20824.0,-0.4437584410573027,classical_better,successive_r10,1004,3.0,128,1
s28-qac/8/qac_L8_5.npz,372,-19496.0,-19568.0,-0.3693065244152647,classical_better,successive_r10,1037,3.0,128,1
s28-qac/8/qac_L8_50.npz,372,-18336.0,-18440.0,-0.5671902268760908,classical_better,successive_r15,1092,3.0,128,1
s28-qac/8/qac_L8_51.npz,372,-19516.0,-19548.0,-0.16396802623488418,classical_better,successive_r10,1044,3.0,128,1
s28-qac/8/qac_L8_52.npz,372,-19944.0,-20060.0,-0.5816285599679102,classical_better,successive_r15,1099,3.0,128,1
s28-qac/8/qac_L8_53.npz,372,-18108.0,-18208.0,-0.552242102937928,classical_better,successive_r15,1064,3.0,128,1
s28-qac/8/qac_L8_54.npz,372,-19844.0,-19932.0,-0.4434589800443459,classical_better,successive_r15,1097,3.0,128,1
s28-qac/8/qac_L8_55.npz,372,-21520.0,-21564.0,-0.20446096654275092,classical_better,successive_r15,1107,3.0,128,1
s28-qac/8/qac_L8_56.npz,372,-19552.0,-19672.0,-0.613747954173486,classical_better,successive_r10,1014,3.0,128,1
s28-qac/8/qac_L8_57.npz,372,-20264.0,-20280.0,-0.07895775759968417,classical_better,successive_r10,1012,3.0,128,1
s28-qac/8/qac_L8_58.npz,372,-20588.0,-20752.0,-0.7965805323489411,classical_better,successive_r15,1076,3.0,128,1
s28-qac/8/qac_L8_59.npz,372,-20412.0,-20444.0,-0.1567705271408975,classical_better,successive_r10,1056,3.0,128,1
s28-qac/8/qac_L8_6.npz,372,-23400.0,-23476.0,-0.3247863247863248,classical_better,successive_r10,1019,3.0,128,1
s28-qac/8/qac_L8_60.npz,372,-20964.0,-21004.0,-0.19080328181644723,classical_better,successive_r10,1027,3.0,128,1
s28-qac/8/qac_L8_61.npz,372,-21696.0,-21780.0,-0.38716814159292035,classical_better,successive_r10,1052,3.0,128,1
s28-qac/8/qac_L8_62.npz,372,-21000.0,-21136.0,-0.6476190476190476,classical_better,successive_r10,1034,3.0,128,1
s28-qac/8/qac_L8_63.npz,372,-22008.0,-22052.0,-0.1999272991639404,classical_better,successive_r10,1049,3.0,128,1
s28-qac/8/qac_L8_64.npz,372,-20236.0,-20348.0,-0.5534690650326152,classical_better,successive_r10,1014,3.0,128,1
s28-qac/8/qac_L8_65.npz,372,-20788.0,-20848.0,-0.28862805464691166,classical_better,successive_r10,1044,3.0,128,1
s28-qac/8/qac_L8_66.npz,372,-21404.0,-21440.0,-0.16819286114744908,classical_better,successive_r10,1021,3.0,128,1
s28-qac/8/qac_L8_67.npz,372,-18824.0,-19072.0,-1.317467063323417,classical_better,successive_r15,1111,3.0,128,1
s28-qac/8/qac_L8_68.npz,372,-22560.0,-22620.0,-0.26595744680851063,classical_better,successive_r15,1079,3.0,128,1
s28-qac/8/qac_L8_69.npz,372,-20456.0,-20536.0,-0.39108330074305825,classical_better,successive_r10,1019,3.0,128,1
s28-qac/8/qac_L8_7.npz,372,-18800.0,-18916.0,-0.6170212765957447,classical_better,successive_r10,1008,3.0,128,1
s28-qac/8/qac_L8_70.npz,372,-20312.0,-20344.0,-0.15754233950374164,classical_better,successive_r10,1017,3.0,128,1
s28-qac/8/qac_L8_71.npz,372,-20720.0,-20852.0,-0.637065637065637,classical_better,successive_r15,1097,3.0,128,1
s28-qac/8/qac_L8_72.npz,372,-20000.0,-20136.0,-0.68,classical_better,successive_r10,1061,3.0,128,1
s28-qac/8/qac_L8_73.npz,372,-21512.0,-21696.0,-0.8553365563406471,classical_better,successive_r10,1006,3.0,128,1
s28-qac/8/qac_L8_74.npz,372,-18800.0,-18892.0,-0.48936170212765956,classical_better,successive_r15,1087,3.0,128,1
s28-qac/8/qac_L8_75.npz,372,-21972.0,-21992.0,-0.09102494083378845,classical_better,successive_r15,1105,3.0,128,1
s28-qac/8/qac_L8_76.npz,372,-19200.0,-19372.0,-0.8958333333333334,classical_better,successive_r10,1004,3.0,128,1
s28-qac/8/qac_L8_77.npz,372,-20028.0,-20236.0,-1.0385460355502296,classical_better,successive_r10,1029,3.0,128,1
s28-qac/8/qac_L8_78.npz,372,-18584.0,-18624.0,-0.2152389151958674,classical_better,successive_r10,1001,3.0,128,1
s28-qac/8/qac_L8_79.npz,372,-21672.0,-21772.0,-0.4614248800295312,classical_better,successive_r10,1053,3.0,128,1
s28-qac/8/qac_L8_8.npz,372,-21816.0,-21892.0,-0.3483681701503484,classical_better,successive_r10,1034,3.0,128,1
s28-qac/8/qac_L8_80.npz,372,-22192.0,-22192.0,0.0,equal,successive_r10,1051,3.0,128,1
s28-qac/8/qac_L8_81.npz,372,-20468.0,-20504.0,-0.17588430721125659,classical_better,successive_r15,1090,3.0,128,1
s28-qac/8/qac_L8_82.npz,372,-19216.0,-19332.0,-0.6036636136552873,classical_better,successive_r15,1108,3.0,128,1
s28-qac/8/qac_L8_83.npz,372,-23072.0,-23072.0,0.0,equal,successive_r10,1035,3.0,128,1
s28-qac/8/qac_L8_84.npz,372,-18948.0,-19008.0,-0.31665611146295125,classical_better,successive_r10,1006,3.0,128,1
s28-qac/8/qac_L8_85.npz,372,-20500.0,-20672.0,-0.8390243902439024,classical_better,successive_r15,1075,3.0,128,1
s28-qac/8/qac_L8_86.npz,372,-21828.0,-21952.0,-0.5680776983690673,classical_better,successive_r15,1074,3.0,128,1
s28-qac/8/qac_L8_87.npz,372,-19640.0,-19776.0,-0.6924643584521385,classical_better,successive_r10,1034,3.0,128,1
s28-qac/8/qac_L8_88.npz,372,-19492.0,-19668.0,-0.9029345372460497,classical_better,successive_r10,1040,3.0,128,1
s28-qac/8/qac_L8_89.npz,372,-20580.0,-20696.0,-0.5636540330417882,classical_better,successive_r10,1056,3.0,128,1
s28-qac/8/qac_L8_9.npz,372,-21564.0,-21616.0,-0.24114264514932296,classical_better,successive_r15,1100,3.0,128,1
s28-qac/8/qac_L8_90.npz,372,-22372.0,-22496.0,-0.5542642588950474,classical_better,successive_r10,1025,3.0,128,1
s28-qac/8/qac_L8_91.npz,372,-19356.0,-19404.0,-0.24798512089274644,classical_better,successive_r10,1056,3.0,128,1
s28-qac/8/qac_L8_92.npz,372,-22156.0,-22244.0,-0.39718360714930495,classical_better,successive_r10,1050,3.0,128,1
s28-qac/8/qac_L8_93.npz,372,-20748.0,-20752.0,-0.0192789666473877,classical_better,successive_r10,1029,3.0,128,1
s28-qac/8/qac_L8_94.npz,372,-18224.0,-18356.0,-0.7243195785776997,classical_better,successive_r15,1079,3.0,128,1
s28-qac/8/qac_L8_95.npz,372,-21656.0,-21776.0,-0.5541189508681197,classical_better,successive_r15,1105,3.0,128,1
s28-qac/8/qac_L8_96.npz,372,-21244.0,-21308.0,-0.30126153266804745,classical_better,successive_r10,1011,3.0,128,1
s28-qac/8/qac_L8_97.npz,372,-20516.0,-20520.0,-0.019496977968414896,classical_better,successive_r10,1014,3.0,128,1
s28-qac/8/qac_L8_98.npz,372,-19116.0,-19180.0,-0.3347980749110693,classical_better,successive_r15,1101,3.0,128,1
s28-qac/8/qac_L8_99.npz,372,-20000.0,-20268.0,-1.34,classical_better,successive_r15,1110,3.0,128,1
s28-qac/9/qac_L9_0.npz,473,-27692.0,-27992.0,-1.0833453705041167,classical_better,successive_r10,1051,3.0,128,1
s28-qac/9/qac_L9_1.npz,473,-29336.0,-29392.0,-0.19089173711480775,classical_better,successive_r10,1002,3.0,128,1
s28-qac/9/qac_L9_10.npz,473,-27028.0,-27120.0,-0.3403877460411425,classical_better,successive_r15,1108,3.0,128,1
s28-qac/9/qac_L9_100.npz,473,-29132.0,-29340.0,-0.7139914870245778,classical_better,successive_r10,1060,3.0,128,1
s28-qac/9/qac_L9_101.npz,473,-26148.0,-26316.0,-0.6424965580541533,classical_better,successive_r10,1002,3.0,128,1
s28-qac/9/qac_L9_102.npz,473,-26872.0,-27092.0,-0.8186960404882405,classical_better,successive_r10,1038,3.0,128,1
s28-qac/9/qac_L9_103.npz,473,-27304.0,-27416.0,-0.4101963082332259,classical_better,successive_r15,1073,3.0,128,1
s28-qac/9/qac_L9_104.npz,473,-26900.0,-27156.0,-0.9516728624535316,classical_better,successive_r10,1008,3.0,128,1
s28-qac/9/qac_L9_105.npz,473,-26172.0,-26440.0,-1.02399510927709,classical_better,successive_r10,1039,3.0,128,1
s28-qac/9/qac_L9_106.npz,473,-27672.0,-27784.0,-0.4047412546978896,classical_better,successive_r10,1010,3.0,128,1
s28-qac/9/qac_L9_107.npz,473,-26952.0,-27244.0,-1.0834075393291778,classical_better,successive_r15,1105,3.0,128,1
s28-qac/9/qac_L9_108.npz,473,-24872.0,-25256.0,-1.5439047925377936,classical_better,successive_r10,1011,3.0,128,1
s28-qac/9/qac_L9_109.npz,473,-25068.0,-25384.0,-1.260571246210308,classical_better,successive_r15,1076,3.0,128,1
s28-qac/9/qac_L9_11.npz,473,-25132.0,-25368.0,-0.9390418589845615,classical_better,successive_r10,1060,3.0,128,1
s28-qac/9/qac_L9_110.npz,473,-25412.0,-25500.0,-0.3462930898787974,classical_better,successive_r10,1059,3.0,128,1
s28-qac/9/qac_L9_111.npz,473,-27280.0,-27392.0,-0.41055718475073316,classical_better,successive_r15,1096,3.0,128,1
s28-qac/9/qac_L9_112.npz,473,-27224.0,-27236.0,-0.044078754040552455,classical_better,successive_r10,1021,3.0,128,1
s28-qac/9/qac_L9_113.npz,473,-26000.0,-26448.0,-1.7230769230769232,classical_better,successive_r15,1092,3.0,128,1
s28-qac/9/qac_L9_114.npz,473,-29172.0,-29600.0,-1.4671602906897026,classical_better,successive_r10,1004,3.0,128,1
s28-qac/9/qac_L9_115.npz,473,-28684.0,-28768.0,-0.2928461860270534,classical_better,successive_r15,1107,3.0,128,1
s28-qac/9/qac_L9_116.npz,473,-26304.0,-26528.0,-0.851581508515815,classical_better,successive_r10,1019,3.0,128,1
s28-qac/9/qac_L9_117.npz,473,-25284.0,-25460.0,-0.69609239044455,classical_better,successive_r10,1047,3.0,128,1
s28-qac/9/qac_L9_118.npz,473,-28896.0,-28968.0,-0.24916943521594684,classical_better,successive_r15,1064,3.0,128,1
s28-qac/9/qac_L9_119.npz,473,-25024.0,-25120.0,-0.3836317135549872,classical_better,successive_r15,1099,3.0,128,1
s28-qac/9/qac_L9_12.npz,473,-27188.0,-27380.0,-0.7061939090775342,classical_better,successive_r10,1047,3.0,128,1
s28-qac/9/qac_L9_120.npz,473,-27936.0,-27936.0,0.0,equal,successive_r15,1070,3.0,128,1
s28-qac/9/qac_L9_121.npz,473,-28092.0,-28308.0,-0.7689021785561726,classical_better,successive_r10,1056,3.0,128,1
s28-qac/9/qac_L9_122.npz,473,-28576.0,-28692.0,-0.4059350503919373,classical_better,successive_r10,1040,3.0,128,1
s28-qac/9/qac_L9_123.npz,473,-25460.0,-25648.0,-0.7384131971720346,classical_better,successive_r10,1034,3.0,128,1
s28-qac/9/qac_L9_124.npz,473,-24932.0,-24976.0,-0.1764800256698219,classical_better,successive_r10,1046,3.0,128,1
s28-qac/9/qac_L9_125.npz,473,-24708.0,-24992.0,-1.1494252873563218,classical_better,successive_r15,1094,3.0,128,1
s28-qac/9/qac_L9_13.npz,473,-25688.0,-25968.0,-1.0900031142946123,classical_better,successive_r10,1029,3.0,128,1
s28-qac/9/qac_L9_14.npz,473,-29588.0,-29644.0,-0.189265918615655,classical_better,successive_r10,1003,3.0,128,1
s28-qac/9/qac_L9_15.npz,473,-29048.0,-29308.0,-0.8950702285871661,classical_better,successive_r10,1053,3.0,128,1
s28-qac/9/qac_L9_16.npz,473,-26352.0,-26560.0,-0.7893139040680024,classical_better,successive_r10,1043,3.0,128,1
s28-qac/9/qac_L9_17.npz,473,-28584.0,-28788.0,-0.7136859781696053,classical_better,successive_r15,1084,3.0,128,1
s28-qac/9/qac_L9_18.npz,473,-25580.0,-25620.0,-0.1563721657544957,classical_better,successive_r10,1044,3.0,128,1
s28-qac/9/qac_L9_19.npz,473,-26380.0,-26544.0,-0.621683093252464,classical_better,successive_r15,1086,3.0,128,1
s28-qac/9/qac_L9_2.npz,473,-25096.0,-25400.0,-1.2113484220592923,classical_better,successive_r10,1018,3.0,128,1
s28-qac/9/qac_L9_20.npz,473,-27112.0,-27420.0,-1.1360283269401004,classical_better,successive_r10,1055,3.0,128,1
s28-qac/9/qac_L9_21.npz,473,-25568.0,-25716.0,-0.5788485607008761,classical_better,successive_r10,1015,3.0,128,1
s28-qac/9/qac_L9_22.npz,473,-26908.0,-27020.0,-0.4162330905306972,classical_better,successive_r15,1072,3.0,128,1
s28-qac/9/qac_L9_23.npz,473,-23948.0,-24216.0,-1.1190913646233507,classical_better,successive_r10,1000,3.0,128,1
s28-qac/9/qac_L9_24.npz,473,-27904.0,-28084.0,-0.6450688073394495,classical_better,successive_r10,1009,3.0,128,1
s28-qac/9/qac_L9_25.npz,473,-27300.0,-27480.0,-0.6593406593406593,classical_better,successive_r15,1103,3.0,128,1
s28-qac/9/qac_L9_26.npz,473,-26924.0,-26992.0,-0.25256276927648197,classical_better,successive_r15,1083,3.0,128,1
s28-qac/9/qac_L9_27.npz,473,-28464.0,-28504.0,-0.1405283867341203,classical_better,successive_r10,101077,3.0,256,2
s28-qac/9/qac_L9_28.npz,473,-27276.0,-27424.0,-0.542601554480129,classical_better,successive_r10,1026,3.0,128,1
s28-qac/9/qac_L9_29.npz,473,-25752.0,-25936.0,-0.7145076110593352,classical_better,successive_r15,1081,3.0,128,1
s28-qac/9/qac_L9_3.npz,473,-27304.0,-27728.0,-1.5528860240257838,classical_better,successive_r10,1031,3.0,128,1
s28-qac/9/qac_L9_30.npz,473,-25360.0,-25548.0,-0.7413249211356467,classical_better,successive_r15,1101,3.0,128,1
s28-qac/9/qac_L9_31.npz,473,-26508.0,-26676.0,-0.6337709370755998,classical_better,successive_r15,1083,3.0,128,1
s28-qac/9/qac_L9_32.npz,473,-26600.0,-26908.0,-1.1578947368421053,classical_better,successive_r15,1101,3.0,128,1
s28-qac/9/qac_L9_33.npz,473,-26028.0,-26188.0,-0.6147226064238512,classical_better,successive_r10,1020,3.0,128,1
s28-qac/9/qac_L9_34.npz,473,-27440.0,-28044.0,-2.2011661807580176,classical_better,successive_r10,1033,3.0,128,1
s28-qac/9/qac_L9_35.npz,473,-24188.0,-24428.0,-0.992227550851662,classical_better,successive_r15,1110,3.0,128,1
s28-qac/9/qac_L9_36.npz,473,-27904.0,-28060.0,-0.5590596330275229,classical_better,successive_r10,1021,3.0,128,1
s28-qac/9/qac_L9_37.npz,473,-26660.0,-27036.0,-1.4103525881470367,classical_better,successive_r10,1003,3.0,128,1
s28-qac/9/qac_L9_38.npz,473,-27468.0,-27728.0,-0.9465559924275521,classical_better,successive_r15,1098,3.0,128,1
s28-qac/9/qac_L9_39.npz,473,-28168.0,-28232.0,-0.2272081794944618,classical_better,successive_r10,1007,3.0,128,1
s28-qac/9/qac_L9_4.npz,473,-26760.0,-27200.0,-1.6442451420029895,classical_better,successive_r10,1008,3.0,128,1
s28-qac/9/qac_L9_40.npz,473,-28240.0,-28300.0,-0.21246458923512748,classical_better,successive_r10,1028,3.0,128,1
s28-qac/9/qac_L9_41.npz,473,-28352.0,-28400.0,-0.16930022573363432,classical_better,successive_r10,1003,3.0,128,1
s28-qac/9/qac_L9_42.npz,473,-25112.0,-25360.0,-0.9875756610385473,classical_better,successive_r15,1086,3.0,128,1
s28-qac/9/qac_L9_43.npz,473,-26200.0,-26256.0,-0.21374045801526717,classical_better,successive_r10,1046,3.0,128,1
s28-qac/9/qac_L9_44.npz,473,-25700.0,-25852.0,-0.5914396887159533,classical_better,successive_r15,1068,3.0,128,1
s28-qac/9/qac_L9_45.npz,473,-27068.0,-27068.0,0.0,equal,successive_r10,1007,3.0,128,1
s28-qac/9/qac_L9_46.npz,473,-27436.0,-27724.0,-1.0497157019973757,classical_better,successive_r10,1020,3.0,128,1
s28-qac/9/qac_L9_47.npz,473,-26560.0,-26768.0,-0.7831325301204819,classical_better,successive_r10,1019,3.0,128,1
s28-qac/9/qac_L9_48.npz,473,-26904.0,-26920.0,-0.059470710674992565,classical_better,successive_r15,1084,3.0,128,1
s28-qac/9/qac_L9_49.npz,473,-26812.0,-26972.0,-0.5967477248992988,classical_better,successive_r10,1003,3.0,128,1
s28-qac/9/qac_L9_5.npz,473,-24468.0,-24632.0,-0.6702632009154814,classical_better,successive_r10,1017,3.0,128,1
s28-qac/9/qac_L9_50.npz,473,-24896.0,-25000.0,-0.41773778920308485,classical_better,successive_r15,1064,3.0,128,1
s28-qac/9/qac_L9_51.npz,473,-26932.0,-27016.0,-0.3118966285459676,classical_better,successive_r15,1091,3.0,128,1
s28-qac/9/qac_L9_52.npz,473,-26040.0,-26400.0,-1.3824884792626728,classical_better,successive_r10,1011,3.0,128,1
s28-qac/9/qac_L9_53.npz,473,-24024.0,-24404.0,-1.5817515817515817,classical_better,collapse_r15,1113,3.0,128,1
s28-qac/9/qac_L9_54.npz,473,-24264.0,-24560.0,-1.2199142762940982,classical_better,successive_r10,1024,3.0,128,1
s28-qac/9/qac_L9_55.npz,473,-26448.0,-26516.0,-0.2571082879612825,classical_better,successive_r15,1078,3.0,128,1
s28-qac/9/qac_L9_56.npz,473,-26624.0,-26700.0,-0.2854567307692308,classical_better,successive_r10,1039,3.0,128,1
s28-qac/9/qac_L9_57.npz,473,-27164.0,-27268.0,-0.382859667206597,classical_better,successive_r10,1004,3.0,128,1
s28-qac/9/qac_L9_58.npz,473,-23620.0,-23956.0,-1.4225232853513972,classical_better,successive_r15,1090,3.0,128,1
s28-qac/9/qac_L9_59.npz,473,-25824.0,-25940.0,-0.44919454770755884,classical_better,successive_r10,1061,3.0,128,1
s28-qac/9/qac_L9_6.npz,473,-26792.0,-26928.0,-0.5076142131979695,classical_better,successive_r15,1093,3.0,128,1
s28-qac/9/qac_L9_60.npz,473,-25876.0,-26004.0,-0.49466687277786364,classical_better,successive_r10,1025,3.0,128,1
s28-qac/9/qac_L9_61.npz,473,-25892.0,-26000.0,-0.4171172562953808,classical_better,successive_r10,1050,3.0,128,1
s28-qac/9/qac_L9_62.npz,473,-24996.0,-25068.0,-0.28804608737397985,classical_better,successive_r15,1085,3.0,128,1
s28-qac/9/qac_L9_63.npz,473,-25424.0,-25524.0,-0.3933291378225299,classical_better,successive_r10,1006,3.0,128,1
s28-qac/9/qac_L9_64.npz,473,-27128.0,-27308.0,-0.6635210852255972,classical_better,successive_r10,1027,3.0,128,1
s28-qac/9/qac_L9_65.npz,473,-25804.0,-25884.0,-0.3100294527980158,classical_better,successive_r10,1013,3.0,128,1
s28-qac/9/qac_L9_66.npz,473,-26700.0,-26936.0,-0.8838951310861424,classical_better,successive_r10,1041,3.0,128,1
s28-qac/9/qac_L9_67.npz,473,-24520.0,-24768.0,-1.0114192495921697,classical_better,successive_r10,1047,3.0,128,1
s28-qac/9/qac_L9_68.npz,473,-27112.0,-27424.0,-1.1507819415756861,classical_better,successive_r10,1016,3.0,128,1
s28-qac/9/qac_L9_69.npz,473,-23948.0,-24108.0,-0.6681142475363288,classical_better,successive_r15,1084,3.0,128,1
s28-qac/9/qac_L9_7.npz,473,-25972.0,-26140.0,-0.6468504543354382,classical_better,successive_r15,1101,3.0,128,1
s28-qac/9/qac_L9_70.npz,473,-27628.0,-28176.0,-1.983495005067323,classical_better,successive_r10,1036,3.0,128,1
s28-qac/9/qac_L9_71.npz,473,-24696.0,-24916.0,-0.8908325234855847,classical_better,successive_r15,1075,3.0,128,1
s28-qac/9/qac_L9_72.npz,473,-27504.0,-27632.0,-0.4653868528214078,classical_better,successive_r10,1028,3.0,128,1
s28-qac/9/qac_L9_73.npz,473,-27640.0,-27704.0,-0.23154848046309695,classical_better,successive_r15,1097,3.0,128,1
s28-qac/9/qac_L9_74.npz,473,-26960.0,-27088.0,-0.47477744807121663,classical_better,successive_r10,1033,3.0,128,1
s28-qac/9/qac_L9_75.npz,473,-27160.0,-27344.0,-0.6774668630338734,classical_better,successive_r10,1054,3.0,128,1
s28-qac/9/qac_L9_76.npz,473,-28188.0,-28320.0,-0.46828437633035336,classical_better,successive_r10,1043,3.0,128,1
s28-qac/9/qac_L9_77.npz,473,-27512.0,-27984.0,-1.715615004361733,classical_better,successive_r15,1078,3.0,128,1
s28-qac/9/qac_L9_78.npz,473,-26936.0,-27152.0,-0.8019008019008019,classical_better,successive_r10,1051,3.0,128,1
s28-qac/9/qac_L9_79.npz,473,-25436.0,-25616.0,-0.7076584368611417,classical_better,successive_r10,1041,3.0,128,1
s28-qac/9/qac_L9_8.npz,473,-25464.0,-25888.0,-1.6650958215519949,classical_better,successive_r15,1101,3.0,128,1
s28-qac/9/qac_L9_80.npz,473,-27008.0,-27136.0,-0.47393364928909953,classical_better,successive_r10,1000,3.0,128,1
s28-qac/9/qac_L9_81.npz,473,-28584.0,-28724.0,-0.4897844948222782,classical_better,successive_r10,1052,3.0,128,1
s28-qac/9/qac_L9_82.npz,473,-25732.0,-25804.0,-0.2798072438986476,classical_better,successive_r10,1020,3.0,128,1
s28-qac/9/qac_L9_83.npz,473,-26412.0,-26616.0,-0.7723761926397092,classical_better,successive_r10,1029,3.0,128,1
s28-qac/9/qac_L9_84.npz,473,-25172.0,-25436.0,-1.0487843635785794,classical_better,successive_r15,1092,3.0,128,1
s28-qac/9/qac_L9_85.npz,473,-27388.0,-27644.0,-0.9347159339856872,classical_better,successive_r10,1018,3.0,128,1
s28-qac/9/qac_L9_86.npz,473,-28528.0,-28592.0,-0.2243409983174425,classical_better,successive_r10,1004,3.0,128,1
s28-qac/9/qac_L9_87.npz,473,-25012.0,-25200.0,-0.7516392131776747,classical_better,successive_r15,1093,3.0,128,1
s28-qac/9/qac_L9_88.npz,473,-27516.0,-27548.0,-0.11629597325192616,classical_better,successive_r15,1097,3.0,128,1
s28-qac/9/qac_L9_89.npz,473,-26884.0,-26992.0,-0.40172593364082726,classical_better,successive_r15,1089,3.0,128,1
s28-qac/9/qac_L9_9.npz,473,-26960.0,-27036.0,-0.2818991097922849,classical_better,successive_r10,1044,3.0,128,1
s28-qac/9/qac_L9_90.npz,473,-26836.0,-26940.0,-0.3875391265464302,classical_better,successive_r10,1058,3.0,128,1
s28-qac/9/qac_L9_91.npz,473,-26644.0,-26704.0,-0.22519141270079568,classical_better,successive_r10,1025,3.0,128,1
s28-qac/9/qac_L9_92.npz,473,-25328.0,-25564.0,-0.9317751105495894,classical_better,successive_r10,1006,3.0,128,1
s28-qac/9/qac_L9_93.npz,473,-24152.0,-24256.0,-0.4306061609804571,classical_better,successive_r15,1081,3.0,128,1
s28-qac/9/qac_L9_94.npz,473,-28112.0,-28196.0,-0.29880478087649404,classical_better,successive_r10,1059,3.0,128,1
s28-qac/9/qac_L9_95.npz,473,-25540.0,-25620.0,-0.31323414252153486,classical_better,successive_r10,1035,3.0,128,1
s28-qac/9/qac_L9_96.npz,473,-25704.0,-25940.0,-0.9181450357920946,classical_better,successive_r10,1009,3.0,128,1
s28-qac/9/qac_L9_97.npz,473,-25600.0,-25804.0,-0.796875,classical_better,successive_r10,1040,3.0,128,1
s28-qac/9/qac_L9_98.npz,473,-24872.0,-25040.0,-0.6754583467352847,classical_better,successive_r10,1011,3.0,128,1
s28-qac/9/qac_L9_99.npz,473,-26300.0,-26480.0,-0.6844106463878327,classical_better,successive_r10,1061,3.0,128,1
